Food,Capric acid,Lauric acid,Myristic acid,Palmitic acid,Palmitoleic acid,Stearic acid,Oleic acid,Linoleic Acid,Linolenic Acid,Stearidonic acid,Eicosenoic acid,Arachidonic acid,Eicosapentaenoic acid,Erucic acid,Docosapentaenoic acid,Docosahexaenoic acid,Butyric acid,Caproic acid,Caprylic acid,Alcohol,Caffeine,Calcium,Carbohydrate,"Carotene, alpha","Carotene, beta",Cholesterol,Choline,Copper,"Cryptoxanthin, beta",Energy,"Fatty acids, total monounsaturated","Fatty acids, total polyunsaturated","Fatty acids, total saturated",Dietary Fiber,"Folate, DFE","Folate, food",Folate,Folic acid,Iron,Lutein + zeaxanthin,Lycopene,Magnesium,Niacin,Phosphorus,Potassium,Protein,Retinol,Riboflavin,Selenium,Sodium,"Sugars, total",Theobromine,Thiamin,Total Fat,Vitamin A,Vitamin B12,"Vitamin B-12, added",Vitamin B6,Vitamin C,Vitamin D,Vitamin E,"Vitamin E, added",Vitamin K,Water,Zinc
white flour,0.0,0.0,0.0,0.148,0.0,0.007,0.087,0.391,0.022,0.0,0.0,0.0,0.0,0.0,0.0,0.0,0.0,0.0,0.0,0.0,0.0,15.0,76.31,0.0,0.0,0.0,10.4,0.144,0.0,364.0,0.087,0.413,0.155,2.7,291.0,29.0,183.0,154.0,4.64,18.0,0.0,22.0,5.904,108.0,107.0,10.33,0.0,0.494,33.9,2.0,0.27,0.0,0.785,0.98,0.0,0.0,0.0,0.044,0.0,0.0,0.06,0.0,0.3,11.92,0.7
rice long grain ,0.017,0.005,0.017,0.46,0.004,0.056,1.039,0.968,0.032,0.0,0.011,0.0,0.0,0.0,0.0,0.0,0.0,0.0,0.002,0.0,0.0,9.0,76.25,0.0,0.0,0.0,21.5,0.302,0.0,367.0,1.054,1.0,0.591,3.6,23.0,23.0,23.0,0.0,1.29,0.0,0.0,116.0,6.494,311.0,250.0,7.54,0.0,0.095,17.1,5.0,0.66,0.0,0.541,3.2,0.0,0.0,0.0,0.477,0.0,0.0,0.6,0.0,0.6,11.8,2.13
spaghetti ,0.0,0.0,0.0,0.0,0.0,0.0,0.0,0.0,0.0,0.0,0.0,0.0,0.0,0.0,0.0,0.0,0.0,0.0,0.0,0.0,0.0,0.0,0.0,0.0,0.0,0.0,0.0,0.0,0.0,0.0,0.0,0.0,0.0,0.0,0.0,0.0,0.0,0.0,0.0,0.0,0.0,0.0,0.0,0.0,0.0,0.0,0.0,0.0,0.0,0.0,0.0,0.0,0.0,0.0,0.0,0.0,0.0,0.0,0.0,0.0,0.0,0.0,0.0,0.0,0.0
white bread,0.0,0.001,0.005,0.437,0.032,0.119,0.755,1.868,0.22,0.0,0.005,0.0,0.0,0.0,0.0,0.0,0.001,0.0,0.0,0.0,0.0,119.0,54.5,0.0,0.0,1.0,16.0,0.138,0.0,290.0,0.796,2.09,0.764,2.9,160.0,23.0,104.0,80.0,3.33,46.0,0.0,26.0,3.926,103.0,131.0,9.0,0.0,0.337,31.0,537.0,6.2,0.0,0.415,4.0,0.0,0.02,0.0,0.063,0.0,0.0,0.24,0.0,3.4,30.4,0.68
whole wheat bread ,0.0,0.0,0.1,16.6,0.5,0.5,14.6,54.8,6.9,0.0,0.0,0.0,0.0,0.0,0.0,0.0,0.0,0.0,0.0,0.0,0.0,0.0,0.0,0.0,0.0,0.0,20.0,0.0,0.0,884.0,15.1,61.7,18.8,0.0,0.0,0.0,0.0,0.0,0.0,0.0,0.0,0.0,0.0,0.0,0.0,0.0,0.0,0.0,0.0,0.0,0.0,0.0,0.0,100.0,0.0,0.0,0.0,0.0,0.0,0.0,149.4,0.0,24.7,0.0,0.0
chocolate chip cookie ,0.0,0.0,0.0,0.094,0.0,0.014,0.048,0.076,0.258,0.0,0.0,0.0,0.0,0.0,0.0,0.0,0.0,0.0,0.0,0.0,0.0,100.0,3.81,0.0,983.0,0.0,25.3,0.061,0.0,22.0,0.05,0.33,0.11,2.5,99.0,99.0,99.0,0.0,0.56,912.0,0.0,18.0,0.437,41.0,261.0,1.14,0.0,0.146,1.3,7.0,0.84,0.0,0.095,0.72,82.0,0.0,0.0,0.07,28.2,0.0,0.48,0.0,84.8,93.54,0.39
ground chuck beef ,0.0,0.0,0.0,0.0,0.0,0.0,0.0,0.0,0.0,0.0,0.0,0.0,0.0,0.0,0.0,0.0,0.0,0.0,0.0,0.0,0.0,0.0,0.0,0.0,0.0,0.0,0.0,0.0,0.0,0.0,0.0,0.0,0.0,0.0,0.0,0.0,0.0,0.0,0.0,0.0,0.0,0.0,0.0,0.0,0.0,0.0,0.0,0.0,0.0,0.0,0.0,0.0,0.0,0.0,0.0,0.0,0.0,0.0,0.0,0.0,0.0,0.0,0.0,0.0,0.0
ground beef ,0.0,0.0,0.0,0.0,0.0,0.0,0.0,0.0,0.0,0.0,0.0,0.0,0.0,0.0,0.0,0.0,0.0,0.0,0.0,0.0,0.0,0.0,0.0,0.0,0.0,0.0,0.0,0.0,0.0,0.0,0.0,0.0,0.0,0.0,0.0,0.0,0.0,0.0,0.0,0.0,0.0,0.0,0.0,0.0,0.0,0.0,0.0,0.0,0.0,0.0,0.0,0.0,0.0,0.0,0.0,0.0,0.0,0.0,0.0,0.0,0.0,0.0,0.0,0.0,0.0
lean ground beef ,0.06,0.1,0.93,5.13,0.68,3.22,8.62,1.36,0.42,0.0,0.0,0.08,0.0,0.0,0.0,0.0,0.0,0.0,0.0,0.0,0.0,16.0,0.0,0.0,0.0,73.0,69.3,0.101,0.0,282.0,9.6,1.85,10.19,0.0,18.0,18.0,18.0,0.0,1.55,0.0,0.0,21.0,5.96,157.0,222.0,16.56,0.0,0.21,18.8,59.0,0.0,0.0,0.11,23.41,0.0,2.31,0.0,0.13,0.0,0.1,0.2,0.0,3.6,59.47,3.41
stew beef ,0.0,0.0,0.0,0.0,0.0,0.0,0.0,0.0,0.0,0.0,0.0,0.0,0.0,0.0,0.0,0.0,0.0,0.0,0.0,0.0,0.0,0.0,0.0,0.0,0.0,0.0,0.0,0.0,0.0,0.0,0.0,0.0,0.0,0.0,0.0,0.0,0.0,0.0,0.0,0.0,0.0,0.0,0.0,0.0,0.0,0.0,0.0,0.0,0.0,0.0,0.0,0.0,0.0,0.0,0.0,0.0,0.0,0.0,0.0,0.0,0.0,0.0,0.0,0.0,0.0
"steak, round",0.0,0.0,0.08,0.734,0.139,0.344,1.284,0.113,0.008,0.0,0.002,0.024,0.002,0.0,0.011,0.001,0.0,0.0,0.0,0.0,0.0,20.0,0.0,0.0,0.0,60.0,95.6,0.101,0.0,128.0,1.425,0.159,1.158,0.0,14.0,14.0,14.0,0.0,2.12,0.0,0.0,25.0,6.958,221.0,351.0,22.88,0.0,0.165,28.6,57.0,0.0,0.0,0.096,3.38,0.0,1.91,0.0,0.672,0.0,0.0,0.29,0.0,1.2,72.89,4.28
"steak, sirloin",0.0,0.0,0.117,1.026,0.143,0.566,1.715,0.161,0.01,0.0,0.003,0.029,0.002,0.0,0.011,0.001,0.0,0.0,0.0,0.0,0.0,28.0,0.0,0.0,0.0,61.0,91.5,0.073,0.0,135.0,1.86,0.214,1.709,0.0,13.0,13.0,13.0,0.0,1.63,0.0,0.0,23.0,7.42,205.0,342.0,21.91,0.0,0.107,25.5,57.0,0.0,0.0,0.061,4.62,0.0,1.19,0.0,0.601,0.0,0.1,0.33,0.0,1.3,72.51,4.14
bacon,0.0,0.0,0.498,8.558,0.874,4.018,16.119,5.7,0.24,0.0,0.33,0.119,0.004,0.006,0.022,0.005,0.0,0.0,0.0,0.0,0.0,5.0,1.28,0.0,0.0,66.0,47.8,0.042,0.0,417.0,17.439,6.454,13.296,0.0,0.0,0.0,0.0,0.0,0.41,0.0,0.0,12.0,4.022,144.0,198.0,12.62,11.0,0.081,20.1,662.0,1.0,0.0,0.276,39.69,11.0,0.5,0.0,0.266,0.0,0.4,0.43,0.0,0.0,44.24,1.18
pork chops ,0.0,0.0,0.0,0.0,0.0,0.0,0.0,0.0,0.0,0.0,0.0,0.0,0.0,0.0,0.0,0.0,0.0,0.0,0.0,0.0,0.0,0.0,0.0,0.0,0.0,0.0,0.0,0.0,0.0,0.0,0.0,0.0,0.0,0.0,0.0,0.0,0.0,0.0,0.0,0.0,0.0,0.0,0.0,0.0,0.0,0.0,0.0,0.0,0.0,0.0,0.0,0.0,0.0,0.0,0.0,0.0,0.0,0.0,0.0,0.0,0.0,0.0,0.0,0.0,0.0
ham,0.03,0.01,0.24,4.02,0.67,1.99,8.491,1.86,0.2,0.0,0.0,0.0,0.0,0.0,0.0,0.0,0.0,0.0,0.0,0.0,0.0,7.0,0.26,0.0,0.0,49.0,64.4,0.05,0.0,239.0,9.161,2.06,6.291,0.0,1.0,1.0,1.0,0.0,0.95,0.0,0.0,13.0,3.2,139.0,284.0,16.06,0.0,0.165,18.6,1280.0,0.0,0.0,0.535,18.83,0.0,0.7,0.0,0.32,2.0,0.6,0.25,0.0,0.0,60.77,1.83
"chicken legs, bone-in",0.003,0.008,0.092,3.511,0.98,0.85,5.832,3.096,0.162,0.003,0.078,0.104,0.004,0.002,0.01,0.007,0.001,0.0,0.001,0.0,0.0,7.0,0.25,0.0,0.0,98.0,45.7,0.054,0.0,221.0,6.94,3.467,4.524,0.0,3.0,3.0,3.0,0.0,0.68,108.0,0.0,18.0,4.625,157.0,204.0,16.52,23.0,0.145,18.9,81.0,0.0,0.0,0.073,16.61,23.0,0.62,0.0,0.347,0.0,0.1,0.21,0.0,2.1,66.47,1.29
grade A eggs ,0.001,0.001,0.02,1.082,0.108,0.463,2.182,0.998,0.048,0.0,0.009,0.046,0.001,0.001,0.0,0.012,0.0,0.0,0.001,0.0,0.0,93.0,47.8,0.0,0.0,51.0,84.3,0.162,0.0,287.0,2.302,1.106,1.593,2.3,130.0,70.0,105.0,35.0,3.04,45.0,0.0,19.0,4.848,106.0,115.0,9.5,63.0,0.436,30.1,380.0,1.78,0.0,0.438,6.0,63.0,0.1,0.0,0.064,0.0,0.4,0.26,0.0,0.9,34.7,0.79
whole milk ,0.0,0.0,0.0,0.0,0.0,0.0,0.0,0.0,0.0,0.0,0.0,0.0,0.0,0.0,0.0,0.0,0.0,0.0,0.0,0.0,0.0,0.0,0.0,0.0,0.0,0.0,0.0,0.0,0.0,0.0,0.0,0.0,0.0,0.0,0.0,0.0,0.0,0.0,0.0,0.0,0.0,0.0,0.0,0.0,0.0,0.0,0.0,0.0,0.0,0.0,0.0,0.0,0.0,0.0,0.0,0.0,0.0,0.0,0.0,0.0,0.0,0.0,0.0,0.0,0.0
american cheese ,0.096,0.111,0.401,3.623,0.076,1.485,4.174,8.105,1.097,0.0,0.039,0.0,0.0,0.0,0.0,0.0,0.153,0.073,0.043,0.0,0.0,90.0,44.83,1.0,9.0,10.0,8.5,0.086,0.0,408.0,4.339,9.203,6.25,2.1,159.0,32.0,107.0,75.0,2.49,45.0,0.0,17.0,3.279,120.0,84.0,10.42,23.0,0.303,19.8,750.0,2.08,0.0,0.433,20.83,24.0,0.24,0.0,0.048,0.0,0.1,1.49,0.0,32.4,21.13,0.96
cheddar cheese ,0.021,0.014,0.187,2.13,0.574,1.051,5.027,1.003,0.131,0.0,0.0,0.0,0.0,0.0,0.0,0.0,0.0,0.0,0.0,0.0,0.0,16.0,0.0,0.0,0.0,69.0,104.1,0.122,0.0,157.0,5.601,1.134,3.402,0.0,2.0,2.0,2.0,0.0,1.5,0.0,0.0,9.0,0.44,56.0,31.0,13.83,0.0,0.115,0.1,941.0,0.0,0.0,0.023,10.9,0.0,1.05,0.0,0.19,0.0,0.9,0.25,0.0,3.4,73.84,0.97
"ice cream, regular, bulk ",0.117,0.127,0.471,1.26,0.07,0.57,1.211,0.134,0.085,0.0,0.0,0.0,0.0,0.0,0.0,0.0,0.141,0.099,0.074,0.0,0.0,161.0,29.46,0.0,14.0,27.0,26.0,0.017,0.0,180.0,1.281,0.219,2.927,0.3,6.0,6.0,6.0,0.0,0.19,0.0,0.0,14.0,0.136,103.0,208.0,4.78,127.0,0.255,2.0,74.0,22.12,0.0,0.053,4.83,128.0,0.47,0.0,0.045,1.2,0.1,0.12,0.0,0.4,59.85,0.73
white sugar ,0.0,0.0,0.0,0.0,0.0,0.0,0.0,0.0,0.0,0.0,0.0,0.0,0.0,0.0,0.0,0.0,0.0,0.0,0.0,0.0,0.0,0.0,0.0,0.0,0.0,0.0,0.0,0.0,0.0,0.0,0.0,0.0,0.0,0.0,0.0,0.0,0.0,0.0,0.0,0.0,0.0,0.0,0.0,0.0,0.0,0.0,0.0,0.0,0.0,0.0,0.0,0.0,0.0,0.0,0.0,0.0,0.0,0.0,0.0,0.0,0.0,0.0,0.0,0.0,0.0
ground coffee ,0.0,0.0,0.0,0.0,0.0,0.0,0.0,0.0,0.0,0.0,0.0,0.0,0.0,0.0,0.0,0.0,0.0,0.0,0.0,0.0,0.0,0.0,0.0,0.0,0.0,0.0,0.0,0.0,0.0,0.0,0.0,0.0,0.0,0.0,0.0,0.0,0.0,0.0,0.0,0.0,0.0,0.0,0.0,0.0,0.0,0.0,0.0,0.0,0.0,0.0,0.0,0.0,0.0,0.0,0.0,0.0,0.0,0.0,0.0,0.0,0.0,0.0,0.0,0.0,0.0
potato chip ,0.002,0.012,0.003,0.056,0.003,0.012,0.004,0.112,0.035,0.0,0.0,0.0,0.0,0.0,0.0,0.0,0.0,0.0,0.0,0.0,0.0,65.0,83.1,0.0,0.0,0.0,39.5,0.197,0.0,357.0,0.008,0.15,0.09,5.9,25.0,25.0,25.0,0.0,1.38,0.0,0.0,65.0,3.507,168.0,1001.0,6.9,0.0,0.051,1.1,55.0,3.52,0.0,0.228,0.34,0.0,0.0,0.0,0.769,3.8,0.0,0.25,0.0,0.0,6.52,0.54
"chicken breast, boneless ",0.0,0.014,0.115,2.908,0.742,0.785,4.53,2.57,0.108,0.0,0.158,0.0,0.014,0.0,0.022,0.043,0.0,0.0,0.0,0.0,0.0,88.0,0.2,0.0,0.0,84.0,13.3,0.102,0.0,215.0,5.5,2.98,3.92,0.0,86.0,86.0,86.0,0.0,0.91,0.0,0.0,5.0,0.4,83.0,31.0,19.4,30.0,0.2,3.6,67.0,0.0,0.0,0.06,14.6,30.0,0.47,0.0,0.01,0.0,0.2,0.27,0.0,0.2,65.8,0.69
low-fat milk,0.049,0.055,0.175,0.558,0.027,0.243,0.508,0.062,0.008,0.0,0.002,0.0,0.0,0.0,0.0,0.0,0.077,0.04,0.02,0.0,0.0,120.0,4.8,0.0,4.0,8.0,16.4,0.006,0.0,50.0,0.56,0.073,1.257,0.0,5.0,5.0,5.0,0.0,0.02,0.0,0.0,11.0,0.092,92.0,140.0,3.3,55.0,0.185,2.5,47.0,5.06,0.0,0.039,1.98,55.0,0.53,0.0,0.038,0.2,1.2,0.03,0.0,0.2,89.21,0.48
"yogurt, whole-fat plain ",0.0,0.0,0.0,0.0,0.0,0.0,0.0,0.0,0.0,0.0,0.0,0.0,0.0,0.0,0.0,0.0,0.0,0.0,0.0,0.0,0.0,0.0,0.0,0.0,0.0,0.0,0.0,0.0,0.0,0.0,0.0,0.0,0.0,0.0,0.0,0.0,0.0,0.0,0.0,0.0,0.0,0.0,0.0,0.0,0.0,0.0,0.0,0.0,0.0,0.0,0.0,0.0,0.0,0.0,0.0,0.0,0.0,0.0,0.0,0.0,0.0,0.0,0.0,0.0,0.0
"butter, stick ",2.529,2.587,7.436,21.697,0.961,9.999,19.961,2.728,0.315,0.0,0.1,0.0,0.0,0.0,0.0,0.0,3.226,2.007,1.19,0.0,0.0,24.0,0.06,0.0,158.0,215.0,18.8,0.0,0.0,717.0,21.021,3.043,51.368,0.0,3.0,3.0,3.0,0.0,0.02,0.0,0.0,2.0,0.042,24.0,24.0,0.85,671.0,0.034,1.0,643.0,0.06,0.0,0.005,81.11,684.0,0.17,0.0,0.003,0.0,0.0,2.32,0.0,7.0,15.87,0.09
acorn squash ,0.0,0.0,0.0,0.009,0.0,0.001,0.016,0.025,0.0,0.0,0.0,0.0,0.0,0.0,0.0,0.0,0.0,0.0,0.0,0.0,0.0,2.0,91.27,0.0,0.0,0.0,0.4,0.05,0.0,381.0,0.016,0.025,0.009,0.9,0.0,0.0,0.0,0.0,0.47,0.0,0.0,3.0,0.0,13.0,3.0,0.26,0.0,0.0,2.8,9.0,0.0,0.0,0.0,0.05,0.0,0.0,0.0,0.0,0.0,0.0,0.0,0.0,0.0,8.32,0.06
"artichoke, fresh ",0.0,0.0,0.008,0.084,0.008,0.039,0.287,0.115,0.008,0.0,0.0,0.0,0.0,0.0,0.0,0.0,0.0,0.0,0.0,0.0,0.0,138.0,6.33,0.0,5054.0,0.0,12.8,0.149,0.0,36.0,0.295,0.124,0.132,3.3,152.0,152.0,152.0,0.0,6.2,5561.0,0.0,50.0,1.313,58.0,554.0,2.97,0.0,0.098,0.1,56.0,0.85,0.0,0.086,0.79,421.0,0.0,0.0,0.09,133.0,0.0,0.75,0.0,1640.0,87.71,1.07
"artichoke, canned",0.0,0.004,0.004,0.066,0.0,0.006,0.011,0.105,0.038,0.0,0.0,0.0,0.0,0.0,0.0,0.0,0.0,0.0,0.0,0.0,0.0,21.0,11.95,0.0,8.0,0.0,34.4,0.127,0.0,53.0,0.011,0.145,0.079,5.7,89.0,89.0,89.0,0.0,0.61,464.0,0.0,42.0,1.11,73.0,286.0,2.89,0.0,0.089,0.2,60.0,0.99,0.0,0.05,0.34,1.0,0.0,0.0,0.081,7.4,0.0,0.19,0.0,14.8,84.08,0.4
"asparagus, fresh ",0.0,0.0,0.0,0.04,0.0,0.0,0.0,0.04,0.01,0.0,0.0,0.0,0.0,0.0,0.0,0.0,0.0,0.0,0.0,0.0,0.0,24.0,3.88,9.0,449.0,0.0,16.0,0.189,0.0,20.0,0.0,0.05,0.04,2.1,52.0,52.0,52.0,0.0,2.14,710.0,0.0,14.0,0.978,52.0,202.0,2.2,0.0,0.141,2.3,2.0,1.88,0.0,0.143,0.12,38.0,0.0,0.0,0.091,5.6,0.0,1.13,0.0,41.6,93.22,0.54
"asparagus, canned",0.0,0.002,0.004,0.132,0.004,0.009,0.017,0.269,0.015,0.0,0.0,0.0,0.0,0.0,0.0,0.0,0.0,0.0,0.0,0.0,0.0,16.0,2.46,0.0,493.0,0.0,21.4,0.096,0.0,19.0,0.021,0.284,0.147,1.6,96.0,96.0,96.0,0.0,1.83,630.0,24.0,10.0,0.954,43.0,172.0,2.14,0.0,0.1,1.7,287.0,1.06,0.0,0.061,0.65,41.0,0.0,0.0,0.11,18.4,0.0,1.22,0.0,41.3,93.98,0.4
"asparagus, frozen",0.0,0.001,0.003,0.086,0.002,0.006,0.011,0.175,0.01,0.0,0.0,0.0,0.0,0.0,0.0,0.0,0.0,0.0,0.0,0.0,0.0,18.0,1.92,0.0,483.0,0.0,20.9,0.105,0.0,18.0,0.013,0.185,0.096,1.6,135.0,135.0,135.0,0.0,0.56,618.0,24.0,10.0,1.038,49.0,172.0,2.95,0.0,0.103,3.9,3.0,0.32,0.0,0.065,0.42,40.0,0.0,0.0,0.02,24.4,0.0,1.2,0.0,80.0,94.1,0.41
avocado,0.0,0.0,0.0,0.0,0.0,0.0,0.0,0.0,0.0,0.0,0.0,0.0,0.0,0.0,0.0,0.0,0.0,0.0,0.0,0.0,0.0,0.0,0.0,0.0,0.0,0.0,0.0,0.0,0.0,0.0,0.0,0.0,0.0,0.0,0.0,0.0,0.0,0.0,0.0,0.0,0.0,0.0,0.0,0.0,0.0,0.0,0.0,0.0,0.0,0.0,0.0,0.0,0.0,0.0,0.0,0.0,0.0,0.0,0.0,0.0,0.0,0.0,0.0,0.0,0.0
"beets, canned ",0.0,0.0,0.001,0.17,0.004,0.036,0.057,0.111,0.183,0.0,0.001,0.002,0.0,0.0,0.001,0.0,0.0,0.0,0.0,0.0,0.0,40.0,4.89,0.0,83.0,0.0,6.5,0.374,0.0,23.0,0.063,0.304,0.233,3.2,23.0,23.0,23.0,0.0,1.67,0.0,0.0,33.0,0.652,10.0,40.0,2.36,0.0,0.139,1.2,2348.0,0.41,0.0,0.018,0.86,7.0,0.0,0.0,0.023,4.3,0.0,0.88,0.0,24.6,83.85,0.32
"black beans, canned",0.0,0.0,0.001,0.343,0.0,0.022,0.123,0.332,0.278,0.0,0.0,0.0,0.0,0.0,0.0,0.0,0.0,0.0,0.0,0.0,0.0,123.0,62.36,0.0,0.0,0.0,66.4,0.841,0.0,341.0,0.123,0.61,0.366,15.5,444.0,444.0,444.0,0.0,5.02,0.0,0.0,171.0,1.955,352.0,1483.0,21.6,0.0,0.193,3.2,5.0,2.12,0.0,0.9,1.42,0.0,0.0,0.0,0.286,0.0,0.0,0.21,0.0,5.6,11.02,3.65
"black beans, dried",0.0,0.0,0.001,0.343,0.0,0.022,0.123,0.332,0.278,0.0,0.0,0.0,0.0,0.0,0.0,0.0,0.0,0.0,0.0,0.0,0.0,123.0,62.36,0.0,0.0,0.0,66.4,0.841,0.0,341.0,0.123,0.61,0.366,15.5,444.0,444.0,444.0,0.0,5.02,0.0,0.0,171.0,1.955,352.0,1483.0,21.6,0.0,0.193,3.2,5.0,2.12,0.0,0.9,1.42,0.0,0.0,0.0,0.286,0.0,0.0,0.21,0.0,5.6,11.02,3.65
"blackeye peas, canned",0.0,0.0,0.001,0.106,0.002,0.022,0.036,0.143,0.083,0.0,0.001,0.0,0.0,0.005,0.0,0.0,0.0,0.0,0.0,0.0,0.0,24.0,20.76,0.0,9.0,0.0,32.2,0.268,0.0,116.0,0.044,0.225,0.138,6.5,208.0,208.0,208.0,0.0,2.51,0.0,0.0,53.0,0.495,156.0,278.0,7.73,0.0,0.055,2.5,4.0,3.3,0.0,0.202,0.53,1.0,0.0,0.0,0.1,0.4,0.0,0.28,0.0,1.7,70.04,1.29
"blackeye peas, dried ",0.0,0.0,0.07,0.588,0.078,0.292,0.762,0.055,0.005,0.0,0.0,0.01,0.0,0.0,0.0,0.0,0.0,0.0,0.0,0.0,0.0,8.0,2.76,0.0,0.0,79.0,0.0,0.074,0.0,153.0,0.84,0.07,0.95,0.0,10.0,10.0,10.0,0.0,2.42,0.0,0.0,19.0,5.164,181.0,235.0,31.1,0.0,0.163,32.4,2790.0,2.7,0.0,0.065,1.94,0.0,1.59,0.0,0.386,0.0,0.0,0.38,0.0,1.3,53.8,4.93
"broccoli florets, fresh ",0.0,0.0,0.0,0.043,0.0,0.006,0.009,0.017,0.113,0.0,0.0,0.0,0.0,0.0,0.0,0.0,0.0,0.0,0.0,0.0,0.0,108.0,2.85,0.0,1573.0,0.0,18.3,0.042,0.0,22.0,0.026,0.13,0.05,2.7,83.0,83.0,83.0,0.0,2.14,1121.0,0.0,22.0,1.221,73.0,196.0,3.17,0.0,0.129,1.0,33.0,0.38,0.0,0.162,0.49,131.0,0.0,0.0,0.171,20.2,0.0,1.62,0.0,224.0,92.55,0.77
"broccoli heads, fresh ",0.0,0.0,0.0,0.043,0.0,0.006,0.009,0.017,0.113,0.0,0.0,0.0,0.0,0.0,0.0,0.0,0.0,0.0,0.0,0.0,0.0,108.0,2.85,0.0,1573.0,0.0,18.3,0.042,0.0,22.0,0.026,0.13,0.05,2.7,83.0,83.0,83.0,0.0,2.14,1121.0,0.0,22.0,1.221,73.0,196.0,3.17,0.0,0.129,1.0,33.0,0.38,0.0,0.162,0.49,131.0,0.0,0.0,0.171,20.2,0.0,1.62,0.0,224.0,92.55,0.77
"broccoli, frozen ",0.0,0.0,0.001,0.029,0.0,0.006,0.01,0.017,0.021,0.0,0.0,0.0,0.0,0.0,0.0,0.0,0.0,0.0,0.0,0.0,0.0,47.0,6.64,25.0,361.0,0.0,18.7,0.049,1.0,34.0,0.011,0.038,0.039,2.6,63.0,63.0,63.0,0.0,0.73,1403.0,0.0,21.0,0.639,66.0,316.0,2.82,0.0,0.117,2.5,33.0,1.7,0.0,0.071,0.37,31.0,0.0,0.0,0.175,89.2,0.0,0.78,0.0,101.6,89.3,0.41
"brussels sprouts, fresh ",0.0,0.0,0.0,0.053,0.002,0.003,0.019,0.045,0.099,0.0,0.0,0.001,0.0,0.0,0.0,0.0,0.0,0.0,0.002,0.0,0.0,42.0,8.95,6.0,450.0,0.0,19.1,0.07,0.0,43.0,0.023,0.153,0.062,3.8,61.0,61.0,61.0,0.0,1.4,1590.0,0.0,23.0,0.745,69.0,389.0,3.38,0.0,0.09,1.6,25.0,2.2,0.0,0.139,0.3,38.0,0.0,0.0,0.219,85.0,0.0,0.88,0.0,177.0,86.0,0.42
"brussels sprouts, frozen ",0.0,0.0,0.0,0.053,0.002,0.003,0.019,0.045,0.099,0.0,0.0,0.001,0.0,0.0,0.0,0.0,0.0,0.0,0.002,0.0,0.0,42.0,8.95,6.0,450.0,0.0,19.1,0.07,0.0,43.0,0.023,0.153,0.062,3.8,61.0,61.0,61.0,0.0,1.4,1590.0,0.0,23.0,0.745,69.0,389.0,3.38,0.0,0.09,1.6,25.0,2.2,0.0,0.139,0.3,38.0,0.0,0.0,0.219,85.0,0.0,0.88,0.0,177.0,86.0,0.42
butternut squash,0.0,0.001,0.001,0.024,0.001,0.002,0.01,0.021,0.035,0.0,0.0,0.0,0.0,0.0,0.0,0.0,0.0,0.0,0.0,0.0,0.0,28.0,8.59,0.0,820.0,0.0,10.0,0.071,0.0,34.0,0.01,0.056,0.027,1.5,24.0,24.0,24.0,0.0,0.58,38.0,0.0,14.0,0.5,23.0,350.0,0.95,0.0,0.062,0.4,4.0,2.2,0.0,0.03,0.13,68.0,0.0,0.0,0.156,12.3,0.0,0.12,0.0,1.1,89.76,0.21
green cabbage ,0.0,0.0,0.0,0.0,0.0,0.0,0.0,0.0,0.0,0.0,0.0,0.0,0.0,0.0,0.0,0.0,0.0,0.0,0.0,0.0,0.0,0.0,0.0,0.0,0.0,0.0,0.0,0.0,0.0,0.0,0.0,0.0,0.0,0.0,0.0,0.0,0.0,0.0,0.0,0.0,0.0,0.0,0.0,0.0,0.0,0.0,0.0,0.0,0.0,0.0,0.0,0.0,0.0,0.0,0.0,0.0,0.0,0.0,0.0,0.0,0.0,0.0,0.0,0.0,0.0
red cabbage ,0.0,0.0,0.0,0.034,0.0,0.0,0.017,0.017,0.0,0.0,0.0,0.0,0.0,0.0,0.0,0.0,0.0,0.0,0.0,0.0,0.0,40.0,5.8,33.0,42.0,0.0,10.7,0.019,0.0,25.0,0.017,0.017,0.034,2.5,43.0,43.0,43.0,0.0,0.47,30.0,0.0,12.0,0.234,26.0,170.0,1.28,0.0,0.04,0.3,18.0,3.2,0.0,0.061,0.1,5.0,0.0,0.0,0.124,36.6,0.0,0.15,0.0,76.0,92.18,0.18
"sauerkraut, canned ",0.0,0.0,0.001,0.17,0.004,0.036,0.057,0.111,0.183,0.0,0.001,0.002,0.0,0.0,0.001,0.0,0.0,0.0,0.0,0.0,0.0,40.0,4.89,0.0,83.0,0.0,6.5,0.374,0.0,23.0,0.063,0.304,0.233,3.2,23.0,23.0,23.0,0.0,1.67,0.0,0.0,33.0,0.652,10.0,40.0,2.36,0.0,0.139,1.2,2348.0,0.41,0.0,0.018,0.86,7.0,0.0,0.0,0.023,4.3,0.0,0.88,0.0,24.6,83.85,0.32
"carrots, whole, fresh ",0.0,0.0,0.008,0.084,0.008,0.039,0.287,0.115,0.008,0.0,0.0,0.0,0.0,0.0,0.0,0.0,0.0,0.0,0.0,0.0,0.0,138.0,6.33,0.0,5054.0,0.0,12.8,0.149,0.0,36.0,0.295,0.124,0.132,3.3,152.0,152.0,152.0,0.0,6.2,5561.0,0.0,50.0,1.313,58.0,554.0,2.97,0.0,0.098,0.1,56.0,0.85,0.0,0.086,0.79,421.0,0.0,0.0,0.09,133.0,0.0,0.75,0.0,1640.0,87.71,1.07
"carrots, canned",0.0,0.002,0.001,0.027,0.002,0.001,0.007,0.079,0.011,0.0,0.0,0.0,0.0,0.0,0.0,0.0,0.0,0.0,0.0,0.0,0.0,25.0,5.54,2743.0,5331.0,0.0,6.3,0.104,0.0,25.0,0.009,0.092,0.036,1.5,9.0,9.0,9.0,0.0,0.64,0.0,0.0,8.0,0.552,24.0,179.0,0.64,0.0,0.03,0.4,242.0,2.48,0.0,0.018,0.19,558.0,0.0,0.0,0.112,2.7,0.0,0.74,0.0,9.8,92.95,0.26
"carrots, frozen ",0.0,0.0,0.0,0.035,0.002,0.002,0.012,0.115,0.002,0.0,0.0,0.0,0.0,0.0,0.0,0.0,0.0,0.0,0.0,0.0,0.0,33.0,9.58,3477.0,8285.0,0.0,8.8,0.045,0.0,41.0,0.014,0.117,0.037,2.8,19.0,19.0,19.0,0.0,0.3,256.0,1.0,12.0,0.983,35.0,320.0,0.93,0.0,0.058,0.1,69.0,4.74,0.0,0.066,0.24,835.0,0.0,0.0,0.138,5.9,0.0,0.66,0.0,13.2,88.29,0.24
cauliflower florets ,0.018,0.0,0.0,0.093,0.003,0.009,0.027,0.016,0.015,0.0,0.0,0.0,0.0,0.0,0.0,0.0,0.0,0.0,0.0,0.0,0.0,22.0,4.97,0.0,0.0,0.0,44.3,0.039,0.0,25.0,0.034,0.031,0.13,2.0,57.0,57.0,57.0,0.0,0.42,1.0,0.0,15.0,0.507,44.0,299.0,1.92,0.0,0.06,0.6,30.0,1.91,0.0,0.05,0.28,0.0,0.0,0.0,0.184,48.2,0.0,0.08,0.0,15.5,92.07,0.27
cauliflower heads  ,0.018,0.0,0.0,0.093,0.003,0.009,0.027,0.016,0.015,0.0,0.0,0.0,0.0,0.0,0.0,0.0,0.0,0.0,0.0,0.0,0.0,22.0,4.97,0.0,0.0,0.0,44.3,0.039,0.0,25.0,0.034,0.031,0.13,2.0,57.0,57.0,57.0,0.0,0.42,1.0,0.0,15.0,0.507,44.0,299.0,1.92,0.0,0.06,0.6,30.0,1.91,0.0,0.05,0.28,0.0,0.0,0.0,0.184,48.2,0.0,0.08,0.0,15.5,92.07,0.27
"cauliflower, frozen ",0.018,0.0,0.0,0.093,0.003,0.009,0.027,0.016,0.015,0.0,0.0,0.0,0.0,0.0,0.0,0.0,0.0,0.0,0.0,0.0,0.0,22.0,4.97,0.0,0.0,0.0,44.3,0.039,0.0,25.0,0.034,0.031,0.13,2.0,57.0,57.0,57.0,0.0,0.42,1.0,0.0,15.0,0.507,44.0,299.0,1.92,0.0,0.06,0.6,30.0,1.91,0.0,0.05,0.28,0.0,0.0,0.0,0.184,48.2,0.0,0.08,0.0,15.5,92.07,0.27
celery ,0.0,0.0,0.001,0.037,0.001,0.004,0.031,0.079,0.0,0.0,0.0,0.0,0.0,0.0,0.0,0.0,0.0,0.0,0.0,0.0,0.0,40.0,2.97,0.0,270.0,0.0,6.1,0.035,0.0,16.0,0.032,0.079,0.042,1.6,36.0,36.0,36.0,0.0,0.2,283.0,0.0,11.0,0.32,24.0,260.0,0.69,0.0,0.057,0.4,80.0,1.34,0.0,0.021,0.17,22.0,0.0,0.0,0.074,3.1,0.0,0.27,0.0,29.3,95.43,0.13
"collard greens, fresh ",0.0,0.0,0.0,0.005,0.0,0.002,0.015,0.02,0.018,0.0,0.019,0.0,0.0,0.058,0.0,0.0,0.0,0.0,0.0,0.0,0.0,115.0,4.67,10.0,1790.0,0.0,0.5,0.165,40.0,27.0,0.092,0.038,0.01,3.2,12.0,12.0,12.0,0.0,1.64,3730.0,0.0,32.0,0.8,58.0,384.0,2.86,0.0,0.11,0.9,20.0,1.32,0.0,0.08,0.42,151.0,0.0,0.0,0.18,70.0,0.0,2.01,0.0,257.5,90.7,0.25
"collard greens, frozen ",0.0,0.0,0.0,0.005,0.0,0.002,0.015,0.02,0.018,0.0,0.019,0.0,0.0,0.058,0.0,0.0,0.0,0.0,0.0,0.0,0.0,115.0,4.67,10.0,1790.0,0.0,0.5,0.165,40.0,27.0,0.092,0.038,0.01,3.2,12.0,12.0,12.0,0.0,1.64,3730.0,0.0,32.0,0.8,58.0,384.0,2.86,0.0,0.11,0.9,20.0,1.32,0.0,0.08,0.42,151.0,0.0,0.0,0.18,70.0,0.0,2.01,0.0,257.5,90.7,0.25
"corn, fresh ",0.0,0.0,0.008,0.084,0.008,0.039,0.287,0.115,0.008,0.0,0.0,0.0,0.0,0.0,0.0,0.0,0.0,0.0,0.0,0.0,0.0,138.0,6.33,0.0,5054.0,0.0,12.8,0.149,0.0,36.0,0.295,0.124,0.132,3.3,152.0,152.0,152.0,0.0,6.2,5561.0,0.0,50.0,1.313,58.0,554.0,2.97,0.0,0.098,0.1,56.0,0.85,0.0,0.086,0.79,421.0,0.0,0.0,0.09,133.0,0.0,0.75,0.0,1640.0,87.71,1.07
"corn, canned ",0.0,0.0,0.001,0.17,0.004,0.036,0.057,0.111,0.183,0.0,0.001,0.002,0.0,0.0,0.001,0.0,0.0,0.0,0.0,0.0,0.0,40.0,4.89,0.0,83.0,0.0,6.5,0.374,0.0,23.0,0.063,0.304,0.233,3.2,23.0,23.0,23.0,0.0,1.67,0.0,0.0,33.0,0.652,10.0,40.0,2.36,0.0,0.139,1.2,2348.0,0.41,0.0,0.018,0.86,7.0,0.0,0.0,0.023,4.3,0.0,0.88,0.0,24.6,83.85,0.32
"corn, frozen ",0.0,0.0,0.0,0.007,0.0,0.002,0.028,0.117,0.059,0.0,0.002,0.0,0.0,0.0,0.0,0.0,0.0,0.0,0.0,0.0,0.0,26.0,13.02,0.0,21.0,0.0,8.5,0.117,0.0,55.0,0.03,0.176,0.011,5.3,26.0,26.0,26.0,0.0,0.64,118.0,0.0,21.0,0.84,26.0,145.0,1.52,0.0,0.034,0.2,1.0,7.7,0.0,0.05,0.31,2.0,0.0,0.0,0.065,15.3,0.0,0.87,0.0,7.8,84.61,0.34
"Cucumbers, fresh ",0.0,0.0,0.0,0.036,0.0,0.005,0.088,0.073,0.316,0.0,0.0,0.0,0.0,0.0,0.0,0.0,0.0,0.0,0.0,0.0,0.0,177.0,2.65,0.0,3142.0,0.0,11.4,0.385,46.0,23.0,0.088,0.389,0.041,1.6,68.0,68.0,68.0,0.0,3.17,5650.0,0.0,64.0,0.902,56.0,295.0,3.15,0.0,0.076,0.3,4.0,0.3,0.0,0.034,0.64,264.0,0.0,0.0,0.155,18.0,0.0,0.8,0.0,414.8,92.06,0.81
"Great northern beans, canned",0.0,0.0,0.0,0.113,0.0,0.007,0.018,0.089,0.072,0.0,0.0,0.0,0.0,0.0,0.0,0.0,0.0,0.0,0.0,0.0,0.0,53.0,21.02,0.0,0.0,0.0,29.5,0.16,0.0,114.0,0.018,0.161,0.12,4.9,81.0,81.0,81.0,0.0,1.57,0.0,0.0,51.0,0.461,136.0,351.0,7.37,0.0,0.06,4.1,370.0,1.41,0.0,0.143,0.39,0.0,0.0,0.0,0.106,1.3,0.0,0.79,0.0,3.0,69.89,0.65
"Great northern beans, dried",0.0,0.0,0.0,0.0,0.0,0.0,0.0,0.0,0.0,0.0,0.0,0.0,0.0,0.0,0.0,0.0,0.0,0.0,0.0,0.0,0.0,0.0,0.0,0.0,0.0,0.0,0.0,0.0,0.0,0.0,0.0,0.0,0.0,0.0,0.0,0.0,0.0,0.0,0.0,0.0,0.0,0.0,0.0,0.0,0.0,0.0,0.0,0.0,0.0,0.0,0.0,0.0,0.0,0.0,0.0,0.0,0.0,0.0,0.0,0.0,0.0,0.0,0.0,0.0,0.0
"Green beans, fresh",0.0,0.0,0.0,0.042,0.0,0.008,0.008,0.044,0.069,0.0,0.0,0.0,0.0,0.0,0.0,0.0,0.0,0.0,0.0,0.0,0.0,37.0,6.97,69.0,379.0,0.0,15.3,0.069,0.0,31.0,0.01,0.113,0.05,2.7,33.0,33.0,33.0,0.0,1.03,640.0,0.0,25.0,0.734,38.0,211.0,1.83,0.0,0.104,0.6,6.0,3.26,0.0,0.082,0.22,35.0,0.0,0.0,0.141,12.2,0.0,0.41,0.0,43.0,90.32,0.24
"Green beans, canned",0.0,0.0,0.0,0.08,0.0,0.013,0.017,0.08,0.131,0.0,0.0,0.0,0.0,0.0,0.0,0.0,0.0,0.0,0.0,0.0,0.0,37.0,4.19,156.0,122.0,0.0,14.7,0.039,24.0,21.0,0.017,0.211,0.093,1.9,24.0,24.0,24.0,0.0,0.89,384.0,0.0,13.0,0.206,22.0,96.0,1.05,0.0,0.046,0.4,268.0,1.44,0.0,0.016,0.41,18.0,0.0,0.0,0.03,2.8,0.0,0.03,0.0,38.9,93.52,0.19
"Green beans, frozen ",0.042,0.652,0.334,3.35,0.032,0.737,3.882,5.382,0.038,0.0,0.735,0.0,0.002,0.002,0.002,0.001,0.008,0.006,0.027,0.0,0.0,27.0,41.72,0.0,0.0,0.0,8.5,0.108,0.0,350.0,4.669,5.437,5.281,2.5,221.0,136.0,186.0,50.0,3.05,25.0,0.0,23.0,4.142,87.0,103.0,8.36,13.0,0.184,16.6,544.0,3.69,0.0,0.462,16.61,13.0,0.08,0.0,0.083,0.2,0.2,1.18,0.0,29.5,31.78,0.87
"Green peas, canned",0.0,0.0,0.0,0.129,0.0,0.014,0.071,0.304,0.071,0.0,0.0,0.0,0.0,0.0,0.0,0.0,0.0,0.0,0.0,0.0,0.0,23.0,11.36,9.0,514.0,0.0,30.2,0.106,0.0,68.0,0.071,0.375,0.143,4.9,31.0,31.0,31.0,0.0,1.18,1350.0,0.0,18.0,0.979,67.0,106.0,4.47,0.0,0.053,1.7,273.0,2.99,0.0,0.107,0.8,43.0,0.0,0.0,0.056,4.2,0.0,0.38,0.0,36.8,82.29,0.66
"Green peas, frozen ",0.042,0.652,0.334,3.35,0.032,0.737,3.882,5.382,0.038,0.0,0.735,0.0,0.002,0.002,0.002,0.001,0.008,0.006,0.027,0.0,0.0,27.0,41.72,0.0,0.0,0.0,8.5,0.108,0.0,350.0,4.669,5.437,5.281,2.5,221.0,136.0,186.0,50.0,3.05,25.0,0.0,23.0,4.142,87.0,103.0,8.36,13.0,0.184,16.6,544.0,3.69,0.0,0.462,16.61,13.0,0.08,0.0,0.083,0.2,0.2,1.18,0.0,29.5,31.78,0.87
Green peppers,0.0,0.0,0.0,0.05,0.0,0.008,0.008,0.054,0.008,0.0,0.0,0.0,0.0,0.0,0.0,0.0,0.0,0.0,0.0,0.0,0.0,10.0,4.64,21.0,208.0,0.0,5.5,0.066,7.0,20.0,0.008,0.062,0.058,1.7,10.0,10.0,10.0,0.0,0.34,341.0,0.0,10.0,0.48,20.0,175.0,0.86,0.0,0.028,0.0,3.0,2.4,0.0,0.057,0.17,18.0,0.0,0.0,0.224,80.4,0.0,0.37,0.0,7.4,93.89,0.13
"Kale, fresh ",0.0,0.0,0.008,0.084,0.008,0.039,0.287,0.115,0.008,0.0,0.0,0.0,0.0,0.0,0.0,0.0,0.0,0.0,0.0,0.0,0.0,138.0,6.33,0.0,5054.0,0.0,12.8,0.149,0.0,36.0,0.295,0.124,0.132,3.3,152.0,152.0,152.0,0.0,6.2,5561.0,0.0,50.0,1.313,58.0,554.0,2.97,0.0,0.098,0.1,56.0,0.85,0.0,0.086,0.79,421.0,0.0,0.0,0.09,133.0,0.0,0.75,0.0,1640.0,87.71,1.07
"Kale, frozen ",0.042,0.652,0.334,3.35,0.032,0.737,3.882,5.382,0.038,0.0,0.735,0.0,0.002,0.002,0.002,0.001,0.008,0.006,0.027,0.0,0.0,27.0,41.72,0.0,0.0,0.0,8.5,0.108,0.0,350.0,4.669,5.437,5.281,2.5,221.0,136.0,186.0,50.0,3.05,25.0,0.0,23.0,4.142,87.0,103.0,8.36,13.0,0.184,16.6,544.0,3.69,0.0,0.462,16.61,13.0,0.08,0.0,0.083,0.2,0.2,1.18,0.0,29.5,31.78,0.87
"Kidney beans, canned ",0.01,0.006,0.069,0.81,0.056,0.238,1.545,0.143,0.105,0.0,0.0,0.0,0.0,0.0,0.0,0.0,0.0,0.0,0.0,0.0,0.0,47.0,13.24,0.0,180.0,17.0,20.2,0.117,43.0,103.0,1.601,0.249,1.133,3.3,23.0,23.0,23.0,0.0,3.43,107.0,1069.0,45.0,0.358,154.0,365.0,6.12,0.0,0.105,1.3,423.0,1.65,0.0,0.048,3.76,17.0,0.0,0.0,0.132,1.7,0.0,0.52,0.0,1.9,75.51,2.0
"Kidney beans, dried",0.0,0.0,0.0,0.136,0.0,0.018,0.082,0.228,0.358,0.0,0.0,0.0,0.0,0.0,0.0,0.0,0.0,0.0,0.0,0.0,0.0,83.0,61.29,0.0,0.0,0.0,65.9,0.699,0.0,337.0,0.082,0.586,0.154,15.2,394.0,394.0,394.0,0.0,6.69,0.0,0.0,138.0,2.11,406.0,1359.0,22.53,0.0,0.215,3.2,12.0,2.1,0.0,0.608,1.06,0.0,0.0,0.0,0.397,4.5,0.0,0.21,0.0,5.6,11.75,2.79
Lentils,0.0,0.0,0.003,0.136,0.003,0.015,0.184,0.414,0.112,0.0,0.006,0.0,0.0,0.0,0.0,0.0,0.0,0.0,0.0,0.0,0.0,35.0,63.35,0.0,23.0,0.0,96.4,0.754,0.0,352.0,0.193,0.526,0.154,10.7,479.0,479.0,479.0,0.0,6.51,0.0,0.0,47.0,2.605,281.0,677.0,24.63,0.0,0.211,0.1,6.0,2.03,0.0,0.873,1.06,2.0,0.0,0.0,0.54,4.5,0.0,0.49,0.0,5.0,8.26,3.27
"Lettuce, iceberg",0.0,0.0,0.0,0.016,0.001,0.002,0.004,0.021,0.052,0.0,0.0,0.0,0.0,0.0,0.0,0.0,0.0,0.0,0.0,0.0,0.0,18.0,2.97,4.0,299.0,0.0,6.7,0.025,0.0,14.0,0.006,0.074,0.018,1.2,29.0,29.0,29.0,0.0,0.41,277.0,0.0,7.0,0.123,20.0,141.0,0.9,0.0,0.025,0.1,10.0,1.97,0.0,0.041,0.14,25.0,0.0,0.0,0.042,2.8,0.0,0.18,0.0,24.1,95.64,0.15
"Lettuce, romaine, heads",0.0,0.0,0.0,0.035,0.003,0.005,0.009,0.047,0.113,0.0,0.0,0.0,0.0,0.0,0.0,0.0,0.0,0.0,0.0,0.0,0.0,33.0,3.29,0.0,5226.0,0.0,9.9,0.048,0.0,17.0,0.012,0.16,0.039,2.1,136.0,136.0,136.0,0.0,0.97,2312.0,0.0,14.0,0.313,30.0,247.0,1.23,0.0,0.067,0.4,8.0,1.19,0.0,0.072,0.3,436.0,0.0,0.0,0.074,4.0,0.0,0.13,0.0,102.5,94.61,0.23
"Lettuce, romaine, hearts",0.0,0.0,0.0,0.035,0.003,0.005,0.009,0.047,0.113,0.0,0.0,0.0,0.0,0.0,0.0,0.0,0.0,0.0,0.0,0.0,0.0,33.0,3.29,0.0,5226.0,0.0,9.9,0.048,0.0,17.0,0.012,0.16,0.039,2.1,136.0,136.0,136.0,0.0,0.97,2312.0,0.0,14.0,0.313,30.0,247.0,1.23,0.0,0.067,0.4,8.0,1.19,0.0,0.072,0.3,436.0,0.0,0.0,0.074,4.0,0.0,0.13,0.0,102.5,94.61,0.23
"Lima beans, canned",0.0,0.0,0.005,0.082,0.008,0.038,0.012,0.083,0.051,0.0,0.0,0.0,0.0,0.0,0.0,0.0,0.0,0.0,0.0,0.0,0.0,29.0,14.83,0.0,0.0,0.0,30.5,0.147,0.0,81.0,0.147,0.174,0.125,4.3,23.0,23.0,23.0,0.0,1.25,0.0,0.0,30.0,0.494,106.0,260.0,5.22,0.0,0.067,1.1,256.0,1.85,0.0,0.106,0.36,0.0,0.0,0.0,0.08,0.8,0.0,0.02,0.0,4.1,77.96,0.62
"Lima beans, frozen ",0.042,0.652,0.334,3.35,0.032,0.737,3.882,5.382,0.038,0.0,0.735,0.0,0.002,0.002,0.002,0.001,0.008,0.006,0.027,0.0,0.0,27.0,41.72,0.0,0.0,0.0,8.5,0.108,0.0,350.0,4.669,5.437,5.281,2.5,221.0,136.0,186.0,50.0,3.05,25.0,0.0,23.0,4.142,87.0,103.0,8.36,13.0,0.184,16.6,544.0,3.69,0.0,0.462,16.61,13.0,0.08,0.0,0.083,0.2,0.2,1.18,0.0,29.5,31.78,0.87
"Lima beans, dried",0.0,0.0,0.001,0.343,0.0,0.022,0.123,0.332,0.278,0.0,0.0,0.0,0.0,0.0,0.0,0.0,0.0,0.0,0.0,0.0,0.0,123.0,62.36,0.0,0.0,0.0,66.4,0.841,0.0,341.0,0.123,0.61,0.366,15.5,444.0,444.0,444.0,0.0,5.02,0.0,0.0,171.0,1.955,352.0,1483.0,21.6,0.0,0.193,3.2,5.0,2.12,0.0,0.9,1.42,0.0,0.0,0.0,0.286,0.0,0.0,0.21,0.0,5.6,11.02,3.65
canned mixed vegetables: peas and carrots,0.0,0.002,0.001,0.027,0.002,0.001,0.007,0.079,0.011,0.0,0.0,0.0,0.0,0.0,0.0,0.0,0.0,0.0,0.0,0.0,0.0,25.0,5.54,2743.0,5331.0,0.0,6.3,0.104,0.0,25.0,0.009,0.092,0.036,1.5,9.0,9.0,9.0,0.0,0.64,0.0,0.0,8.0,0.552,24.0,179.0,0.64,0.0,0.03,0.4,242.0,2.48,0.0,0.018,0.19,558.0,0.0,0.0,0.112,2.7,0.0,0.74,0.0,9.8,92.95,0.26
frozen mixed vegetables: peas and carrots,0.0,0.003,0.001,0.041,0.004,0.001,0.01,0.247,0.017,0.0,0.0,0.0,0.0,0.0,0.0,0.0,0.0,0.0,0.0,0.0,0.0,36.0,7.9,2958.0,7047.0,0.0,7.5,0.074,0.0,36.0,0.014,0.263,0.047,3.3,10.0,10.0,10.0,0.0,0.44,218.0,1.0,12.0,0.464,33.0,235.0,0.78,0.0,0.037,0.7,68.0,4.76,0.0,0.044,0.46,710.0,0.0,0.0,0.095,2.5,0.0,0.57,0.0,17.6,90.04,0.33
"frozen mixed vegetables: carrots, peas, corn, and green beans",0.0,0.0,0.0,0.06,0.0,0.007,0.033,0.142,0.033,0.0,0.0,0.0,0.0,0.0,0.0,0.0,0.0,0.0,0.0,0.0,0.0,22.0,13.62,20.0,1225.0,0.0,27.0,0.124,0.0,77.0,0.033,0.175,0.066,4.5,53.0,53.0,53.0,0.0,1.53,2352.0,0.0,26.0,1.723,82.0,153.0,5.22,0.0,0.1,1.9,108.0,5.0,0.0,0.259,0.4,103.0,0.0,0.0,0.083,18.0,0.0,0.02,0.0,27.9,79.98,0.82
"frozen mixed vegetables: broccoli, cauliflower, and carrots",0.0,0.0,0.0,0.036,0.0,0.005,0.019,0.029,0.098,0.0,0.0,0.0,0.0,0.0,0.0,0.0,0.0,0.0,0.0,0.0,0.0,22.0,4.68,0.0,7.0,0.0,41.9,0.031,0.0,24.0,0.019,0.128,0.041,2.3,64.0,64.0,64.0,0.0,0.54,31.0,0.0,12.0,0.429,35.0,193.0,2.01,0.0,0.07,0.8,24.0,2.22,0.0,0.051,0.27,1.0,0.0,0.0,0.123,48.8,0.0,0.07,0.0,14.8,92.51,0.17
"Mushrooms, whole",0.0,0.0,0.0,0.04,0.0,0.01,0.0,0.16,0.0,0.0,0.0,0.0,0.0,0.0,0.0,0.0,0.0,0.0,0.0,0.0,0.0,3.0,3.26,0.0,0.0,0.0,17.3,0.318,0.0,22.0,0.0,0.16,0.05,1.0,17.0,17.0,17.0,0.0,0.5,0.0,0.0,9.0,3.607,86.0,318.0,3.09,0.0,0.402,9.3,5.0,1.98,0.0,0.081,0.34,0.0,0.04,0.0,0.104,2.1,0.2,0.01,0.0,0.0,92.45,0.52
"Mushrooms, pre-sliced",0.0,0.0,0.0,0.04,0.0,0.01,0.0,0.16,0.0,0.0,0.0,0.0,0.0,0.0,0.0,0.0,0.0,0.0,0.0,0.0,0.0,3.0,3.26,0.0,0.0,0.0,17.3,0.318,0.0,22.0,0.0,0.16,0.05,1.0,17.0,17.0,17.0,0.0,0.5,0.0,0.0,9.0,3.607,86.0,318.0,3.09,0.0,0.402,9.3,5.0,1.98,0.0,0.081,0.34,0.0,0.04,0.0,0.104,2.1,0.2,0.01,0.0,0.0,92.45,0.52
"Mustard greens, canned",0.0,0.0,0.0,0.006,0.001,0.002,0.018,0.024,0.022,0.0,0.023,0.0,0.0,0.071,0.0,0.0,0.0,0.0,0.0,0.0,0.0,101.0,3.11,0.0,4246.0,0.0,0.3,0.058,0.0,19.0,0.113,0.047,0.013,2.8,70.0,70.0,70.0,0.0,1.12,6672.0,0.0,13.0,0.258,24.0,139.0,2.27,0.0,0.053,0.6,25.0,0.32,0.0,0.04,0.25,354.0,0.0,0.0,0.108,13.8,0.0,1.35,0.0,335.1,93.8,0.2
"Mustard greens, frozen",0.0,0.0,0.0,0.006,0.001,0.002,0.018,0.024,0.022,0.0,0.023,0.0,0.0,0.071,0.0,0.0,0.0,0.0,0.0,0.0,0.0,101.0,3.11,0.0,4246.0,0.0,0.3,0.058,0.0,19.0,0.113,0.047,0.013,2.8,70.0,70.0,70.0,0.0,1.12,6672.0,0.0,13.0,0.258,24.0,139.0,2.27,0.0,0.053,0.6,25.0,0.32,0.0,0.04,0.25,354.0,0.0,0.0,0.108,13.8,0.0,1.35,0.0,335.1,93.8,0.2
"Navy beans, canned",0.0,0.0,0.0,0.113,0.0,0.007,0.018,0.089,0.072,0.0,0.0,0.0,0.0,0.0,0.0,0.0,0.0,0.0,0.0,0.0,0.0,53.0,21.02,0.0,0.0,0.0,29.5,0.16,0.0,114.0,0.018,0.161,0.12,4.9,81.0,81.0,81.0,0.0,1.57,0.0,0.0,51.0,0.461,136.0,351.0,7.37,0.0,0.06,4.1,370.0,1.41,0.0,0.143,0.39,0.0,0.0,0.0,0.106,1.3,0.0,0.79,0.0,3.0,69.89,0.65
"Navy beans, dried",0.0,0.0,0.001,0.274,0.0,0.018,0.098,0.265,0.222,0.0,0.0,0.0,0.0,0.0,0.0,0.0,0.0,0.0,0.0,0.0,0.0,130.0,64.19,0.0,0.0,0.0,67.2,0.81,0.0,343.0,0.098,0.487,0.292,12.7,463.0,463.0,463.0,0.0,6.77,0.0,0.0,182.0,1.892,415.0,1464.0,20.96,0.0,0.192,13.0,8.0,2.14,0.0,0.772,1.13,0.0,0.0,0.0,0.527,0.0,0.0,0.21,0.0,5.7,10.06,2.55
"Okra, fresh ",0.0,0.0,0.0,0.022,0.0,0.003,0.016,0.026,0.001,0.0,0.0,0.0,0.0,0.0,0.0,0.0,0.0,0.0,0.0,0.0,0.0,82.0,7.45,27.0,416.0,0.0,12.3,0.109,0.0,33.0,0.017,0.027,0.026,3.2,60.0,60.0,60.0,0.0,0.62,280.0,0.0,57.0,1.0,61.0,299.0,1.93,0.0,0.06,0.7,7.0,1.48,0.0,0.2,0.19,36.0,0.0,0.0,0.215,23.0,0.0,0.27,0.0,31.3,89.58,0.58
"Okra, frozen ",0.0,0.0,0.0,0.022,0.0,0.003,0.016,0.026,0.001,0.0,0.0,0.0,0.0,0.0,0.0,0.0,0.0,0.0,0.0,0.0,0.0,82.0,7.45,27.0,416.0,0.0,12.3,0.109,0.0,33.0,0.017,0.027,0.026,3.2,60.0,60.0,60.0,0.0,0.62,280.0,0.0,57.0,1.0,61.0,299.0,1.93,0.0,0.06,0.7,7.0,1.48,0.0,0.2,0.19,36.0,0.0,0.0,0.215,23.0,0.0,0.27,0.0,31.3,89.58,0.58
"Olives, canned",0.0,0.0,0.0,1.179,0.086,0.236,7.77,0.847,0.064,0.0,0.032,0.0,0.0,0.0,0.0,0.0,0.0,0.0,0.0,0.0,0.0,88.0,6.26,0.0,237.0,0.0,10.3,0.251,9.0,115.0,7.888,0.911,1.415,3.2,0.0,0.0,0.0,0.0,3.3,510.0,0.0,4.0,0.037,3.0,8.0,0.84,0.0,0.0,0.9,735.0,0.0,0.0,0.003,10.68,20.0,0.0,0.0,0.009,0.9,0.0,1.65,0.0,1.4,79.99,0.22
"Onions, fresh ",0.0,0.0,0.004,0.034,0.0,0.004,0.013,0.013,0.004,0.0,0.0,0.0,0.0,0.0,0.0,0.0,0.0,0.0,0.0,0.0,0.0,23.0,9.34,0.0,1.0,0.0,6.1,0.039,0.0,40.0,0.013,0.017,0.042,1.7,19.0,19.0,19.0,0.0,0.21,4.0,0.0,10.0,0.116,29.0,146.0,1.1,0.0,0.027,0.5,4.0,4.24,0.0,0.046,0.1,0.0,0.0,0.0,0.12,7.4,0.0,0.02,0.0,0.4,89.11,0.17
"Pinto beans, canned ",0.0,0.0,0.001,0.033,0.002,0.011,0.018,0.146,0.015,0.0,0.0,0.0,0.0,0.0,0.0,0.0,0.0,0.0,0.0,0.0,0.0,6.0,5.1,238.0,1474.0,0.0,6.3,0.049,0.0,23.0,0.02,0.161,0.045,1.9,6.0,6.0,6.0,0.0,1.68,366.0,0.0,6.0,0.615,17.0,158.0,1.1,0.0,0.06,0.2,14.0,2.71,0.0,0.017,0.3,133.0,0.0,0.0,0.215,84.9,0.0,0.69,0.0,8.3,93.1,0.19
"Pinto beans, dried ",0.0,0.0,0.046,1.036,0.171,1.075,1.067,0.199,0.3,0.0,0.0,0.0,0.0,0.0,0.0,0.0,0.0,0.0,0.0,0.0,0.0,2240.0,47.75,113.0,378.0,0.0,54.9,2.1,24.0,233.0,1.238,0.498,2.157,37.7,310.0,310.0,310.0,0.0,89.8,1150.0,393.0,711.0,4.9,274.0,2630.0,22.98,0.0,1.2,3.0,76.0,1.71,0.0,0.08,4.07,37.0,0.0,0.0,1.34,0.8,0.0,10.7,0.0,1714.5,10.35,7.1
"Potatoes, fresh ",0.0,0.0,0.008,0.084,0.008,0.039,0.287,0.115,0.008,0.0,0.0,0.0,0.0,0.0,0.0,0.0,0.0,0.0,0.0,0.0,0.0,138.0,6.33,0.0,5054.0,0.0,12.8,0.149,0.0,36.0,0.295,0.124,0.132,3.3,152.0,152.0,152.0,0.0,6.2,5561.0,0.0,50.0,1.313,58.0,554.0,2.97,0.0,0.098,0.1,56.0,0.85,0.0,0.086,0.79,421.0,0.0,0.0,0.09,133.0,0.0,0.75,0.0,1640.0,87.71,1.07
"Potatoes, french fries",0.021,0.006,0.015,0.607,0.01,0.147,1.824,1.266,0.235,0.0,0.037,0.0,0.0,0.0,0.0,0.0,0.0,0.0,0.005,0.0,0.0,12.0,25.55,0.0,3.0,0.0,23.7,0.104,0.0,158.0,1.874,1.502,0.848,2.0,23.0,23.0,23.0,0.0,0.57,16.0,0.0,24.0,2.077,87.0,478.0,2.75,0.0,0.032,0.4,324.0,0.37,0.0,0.13,5.48,0.0,0.0,0.0,0.261,8.6,0.0,0.39,0.0,7.4,64.44,0.35
"Potatoes, canned",0.001,0.007,0.001,0.031,0.002,0.007,0.002,0.063,0.02,0.0,0.0,0.0,0.0,0.0,0.0,0.0,0.0,0.0,0.0,0.0,0.0,5.0,13.6,0.0,1.0,0.0,9.2,0.057,0.0,62.0,0.005,0.085,0.051,2.4,6.0,6.0,6.0,0.0,1.26,6.0,0.0,14.0,0.92,28.0,229.0,1.4,0.0,0.01,0.9,5.0,0.59,0.0,0.07,0.2,0.0,0.0,0.0,0.19,5.1,0.0,0.05,0.0,1.5,84.3,0.28
"Pumpkin, canned",0.0,0.003,0.018,0.103,0.018,0.008,0.018,0.007,0.008,0.0,0.0,0.0,0.0,0.0,0.0,0.0,0.0,0.0,0.0,0.0,0.0,26.0,8.09,4795.0,6940.0,0.0,9.8,0.107,0.0,34.0,0.037,0.015,0.146,2.9,12.0,12.0,12.0,0.0,1.39,0.0,0.0,23.0,0.367,35.0,206.0,1.1,0.0,0.054,0.4,5.0,3.3,0.0,0.024,0.28,778.0,0.0,0.0,0.056,4.2,0.0,1.06,0.0,16.0,89.97,0.17
Radish,0.0,0.0,0.0,0.027,0.0,0.004,0.017,0.017,0.031,0.0,0.0,0.0,0.0,0.0,0.0,0.0,0.0,0.0,0.0,0.0,0.0,25.0,3.4,0.0,4.0,0.0,6.5,0.05,0.0,16.0,0.017,0.048,0.032,1.6,25.0,25.0,25.0,0.0,0.34,10.0,0.0,10.0,0.254,20.0,233.0,0.68,0.0,0.039,0.6,39.0,1.86,0.0,0.012,0.1,0.0,0.0,0.0,0.071,14.8,0.0,0.0,0.0,1.3,95.27,0.28
Red bell peppers,0.0,0.0,0.0,0.025,0.002,0.002,0.002,0.045,0.025,0.0,0.0,0.0,0.0,0.0,0.0,0.0,0.0,0.0,0.0,0.0,0.0,7.0,6.03,20.0,1624.0,0.0,5.6,0.017,490.0,31.0,0.003,0.07,0.027,2.1,46.0,46.0,46.0,0.0,0.43,51.0,0.0,12.0,0.979,26.0,211.0,0.99,0.0,0.085,0.1,4.0,4.2,0.0,0.054,0.3,157.0,0.0,0.0,0.291,127.7,0.0,1.58,0.0,4.9,92.21,0.25
"Spinach, fresh ",0.0,0.0,0.01,0.049,0.005,0.004,0.005,0.026,0.138,0.0,0.0,0.0,0.0,0.0,0.0,0.0,0.0,0.0,0.0,0.0,0.0,99.0,3.63,0.0,5626.0,0.0,19.3,0.13,0.0,23.0,0.01,0.165,0.063,2.2,194.0,194.0,194.0,0.0,2.71,12198.0,0.0,79.0,0.724,49.0,558.0,2.86,0.0,0.189,1.0,79.0,0.42,0.0,0.078,0.39,469.0,0.0,0.0,0.195,28.1,0.0,2.03,0.0,482.9,91.4,0.53
"Spinach, canned ",0.0,0.0,0.01,0.049,0.005,0.004,0.005,0.026,0.138,0.0,0.0,0.0,0.0,0.0,0.0,0.0,0.0,0.0,0.0,0.0,0.0,99.0,3.63,0.0,5626.0,0.0,19.3,0.13,0.0,23.0,0.01,0.165,0.063,2.2,194.0,194.0,194.0,0.0,2.71,12198.0,0.0,79.0,0.724,49.0,558.0,2.86,0.0,0.189,1.0,79.0,0.42,0.0,0.078,0.39,469.0,0.0,0.0,0.195,28.1,0.0,2.03,0.0,482.9,91.4,0.53
"Spinach, frozen ",0.0,0.0,0.01,0.049,0.005,0.004,0.005,0.026,0.138,0.0,0.0,0.0,0.0,0.0,0.0,0.0,0.0,0.0,0.0,0.0,0.0,99.0,3.63,0.0,5626.0,0.0,19.3,0.13,0.0,23.0,0.01,0.165,0.063,2.2,194.0,194.0,194.0,0.0,2.71,12198.0,0.0,79.0,0.724,49.0,558.0,2.86,0.0,0.189,1.0,79.0,0.42,0.0,0.078,0.39,469.0,0.0,0.0,0.195,28.1,0.0,2.03,0.0,482.9,91.4,0.53
"Sweet potatoes, fresh ",0.0,0.0,0.0,0.018,0.0,0.001,0.001,0.013,0.001,0.0,0.0,0.0,0.0,0.0,0.0,0.0,0.0,0.0,0.0,0.0,0.0,30.0,20.12,7.0,8509.0,0.0,12.3,0.151,0.0,86.0,0.001,0.014,0.018,3.0,11.0,11.0,11.0,0.0,0.61,0.0,0.0,25.0,0.557,47.0,337.0,1.57,0.0,0.061,0.6,55.0,4.18,0.0,0.078,0.05,709.0,0.0,0.0,0.209,2.4,0.0,0.26,0.0,1.8,77.28,0.3
"Tomatoes, grape and cherry",0.0,0.0,0.0,0.02,0.001,0.008,0.03,0.08,0.003,0.0,0.0,0.0,0.0,0.0,0.0,0.0,0.0,0.0,0.0,0.0,0.0,10.0,3.89,101.0,449.0,0.0,6.7,0.059,0.0,18.0,0.031,0.083,0.028,1.2,15.0,15.0,15.0,0.0,0.27,123.0,2573.0,11.0,0.594,24.0,237.0,0.88,0.0,0.019,0.0,5.0,2.63,0.0,0.037,0.2,42.0,0.0,0.0,0.08,13.7,0.0,0.54,0.0,7.9,94.52,0.17
"Tomatoes, Roma and plum",0.0,0.0,0.0,0.02,0.001,0.008,0.03,0.08,0.003,0.0,0.0,0.0,0.0,0.0,0.0,0.0,0.0,0.0,0.0,0.0,0.0,10.0,3.89,101.0,449.0,0.0,6.7,0.059,0.0,18.0,0.031,0.083,0.028,1.2,15.0,15.0,15.0,0.0,0.27,123.0,2573.0,11.0,0.594,24.0,237.0,0.88,0.0,0.019,0.0,5.0,2.63,0.0,0.037,0.2,42.0,0.0,0.0,0.08,13.7,0.0,0.54,0.0,7.9,94.52,0.17
"Tomatoes, large round",0.0,0.0,0.0,0.02,0.001,0.008,0.03,0.08,0.003,0.0,0.0,0.0,0.0,0.0,0.0,0.0,0.0,0.0,0.0,0.0,0.0,10.0,3.89,101.0,449.0,0.0,6.7,0.059,0.0,18.0,0.031,0.083,0.028,1.2,15.0,15.0,15.0,0.0,0.27,123.0,2573.0,11.0,0.594,24.0,237.0,0.88,0.0,0.019,0.0,5.0,2.63,0.0,0.037,0.2,42.0,0.0,0.0,0.08,13.7,0.0,0.54,0.0,7.9,94.52,0.17
"Tomatoes, canned ",0.0,0.0,0.004,0.326,0.011,0.096,0.476,1.104,0.011,0.0,0.0,0.0,0.0,0.0,0.0,0.0,0.0,0.0,0.0,0.0,0.0,110.0,55.76,0.0,524.0,0.0,104.6,1.423,0.0,258.0,0.487,1.115,0.426,12.3,68.0,68.0,68.0,0.0,9.09,1419.0,45902.0,194.0,9.05,356.0,3427.0,14.11,0.0,0.489,5.5,107.0,37.59,0.0,0.528,2.97,44.0,0.0,0.0,0.332,39.2,0.0,0.01,0.0,43.0,14.56,1.99
"Turnip greens, fresh ",0.0,0.0,0.002,0.09,0.015,0.035,0.073,0.033,0.017,0.0,0.0,0.052,0.023,0.0,0.012,0.033,0.0,0.0,0.0,0.0,0.0,118.0,0.0,0.0,0.0,50.0,65.0,0.25,0.0,89.0,0.088,0.17,0.127,0.0,15.0,15.0,15.0,0.0,1.4,0.0,0.0,20.0,1.1,180.0,230.0,19.8,30.0,0.15,16.8,68.0,0.0,0.0,0.12,0.5,30.0,1.0,0.0,0.12,0.0,0.0,0.5,0.0,0.1,78.5,1.0
"Turnip greens, canned ",0.002,0.002,0.003,0.054,0.014,0.01,0.005,0.036,0.084,0.0,0.0,0.0,0.0,0.0,0.0,0.0,0.0,0.0,0.001,0.0,0.0,118.0,2.81,0.0,3573.0,0.0,0.3,0.083,0.0,19.0,0.02,0.12,0.07,1.3,92.0,92.0,92.0,0.0,1.51,6591.0,0.0,20.0,0.36,21.0,141.0,1.36,0.0,0.06,0.7,29.0,0.42,0.0,0.01,0.3,298.0,0.0,0.0,0.04,15.5,0.0,1.47,0.0,287.0,94.69,0.23
"Turnip greens, frozen",0.002,0.002,0.004,0.076,0.02,0.014,0.007,0.051,0.119,0.0,0.0,0.0,0.0,0.0,0.0,0.0,0.0,0.0,0.002,0.0,0.0,152.0,4.98,0.0,6459.0,0.0,0.5,0.15,0.0,29.0,0.028,0.17,0.099,3.4,39.0,39.0,39.0,0.0,1.94,11915.0,0.0,26.0,0.468,34.0,224.0,3.35,0.0,0.074,1.2,15.0,0.75,0.0,0.054,0.42,538.0,0.0,0.0,0.067,21.8,0.0,2.66,0.0,518.9,90.4,0.41
"Zucchini, fresh ",0.0,0.0,0.0,0.0,0.0,0.0,0.0,0.0,0.0,0.0,0.0,0.0,0.0,0.0,0.0,0.0,0.0,0.0,0.0,0.0,0.0,0.0,0.0,0.0,0.0,0.0,0.0,0.0,0.0,0.0,0.0,0.0,0.0,0.0,0.0,0.0,0.0,0.0,0.0,0.0,0.0,0.0,0.0,0.0,0.0,0.0,0.0,0.0,0.0,0.0,0.0,0.0,0.0,0.0,0.0,0.0,0.0,0.0,0.0,0.0,0.0,0.0,0.0,0.0,0.0
Apples,0.0,0.0,0.001,0.024,0.0,0.003,0.007,0.043,0.009,0.0,0.0,0.0,0.0,0.0,0.0,0.0,0.0,0.0,0.0,0.0,0.0,6.0,13.81,0.0,27.0,0.0,3.4,0.027,11.0,52.0,0.007,0.051,0.028,2.4,3.0,3.0,3.0,0.0,0.12,29.0,0.0,5.0,0.091,11.0,107.0,0.26,0.0,0.026,0.0,1.0,10.39,0.0,0.017,0.17,3.0,0.0,0.0,0.041,4.6,0.0,0.18,0.0,2.2,85.56,0.04
applesauce,0.0,0.0,0.0,0.0,0.0,0.0,0.0,0.0,0.0,0.0,0.0,0.0,0.0,0.0,0.0,0.0,0.0,0.0,0.0,0.0,0.0,5.0,10.3,0.0,2.0,0.0,3.4,0.035,2.0,37.0,0.0,0.0,0.0,1.7,2.0,2.0,2.0,0.0,0.22,9.0,0.0,3.0,0.063,6.0,77.0,0.0,0.0,0.027,0.3,1.0,8.48,0.0,0.012,0.0,0.0,0.0,0.0,0.03,37.8,0.0,0.6,0.0,0.3,89.5,0.04
Apple juice ,0.0,0.0,0.0,0.008,0.002,0.0,0.007,0.015,0.008,0.0,0.0,0.0,0.0,0.0,0.0,0.0,0.0,0.0,0.0,0.0,0.0,14.0,8.42,0.0,30.0,0.0,5.1,0.027,0.0,25.0,0.008,0.023,0.008,0.4,10.0,10.0,10.0,0.0,0.09,0.0,0.0,8.0,0.142,14.0,117.0,0.42,0.0,0.015,0.1,2.0,1.69,0.0,0.025,0.07,2.0,0.0,0.0,0.038,30.0,0.0,0.22,0.0,0.6,90.79,0.08
"Apples, frozen juice concentrate",0.0,0.0,0.001,0.018,0.0,0.002,0.005,0.033,0.007,0.0,0.0,0.0,0.0,0.0,0.0,0.0,0.0,0.0,0.0,0.0,0.0,8.0,11.3,0.0,0.0,0.0,1.8,0.012,0.0,46.0,0.006,0.039,0.022,0.2,0.0,0.0,0.0,0.0,0.12,16.0,0.0,5.0,0.073,7.0,101.0,0.1,0.0,0.017,0.1,4.0,9.62,0.0,0.021,0.13,0.0,0.0,0.0,0.018,0.9,0.0,0.01,0.0,0.0,88.24,0.02
"Apricots, fresh ",0.0,0.0,0.0,0.024,0.0,0.003,0.17,0.077,0.0,0.0,0.0,0.0,0.0,0.0,0.0,0.0,0.0,0.0,0.0,0.0,0.0,13.0,11.12,19.0,1094.0,0.0,2.8,0.078,104.0,48.0,0.17,0.077,0.027,2.0,9.0,9.0,9.0,0.0,0.39,89.0,0.0,10.0,0.6,23.0,259.0,1.4,0.0,0.04,0.1,1.0,9.24,0.0,0.03,0.39,96.0,0.0,0.0,0.054,10.0,0.0,0.89,0.0,3.3,86.35,0.2
"Apricots, canned",0.0,0.0,0.0,0.01,0.0,0.001,0.069,0.031,0.0,0.0,0.0,0.0,0.0,0.0,0.0,0.0,0.0,0.0,0.0,0.0,0.0,8.0,6.39,0.0,1170.0,0.0,1.8,0.082,11.0,27.0,0.069,0.031,0.011,1.6,2.0,2.0,2.0,0.0,0.32,26.0,0.0,7.0,0.395,13.0,192.0,0.71,0.0,0.023,0.1,3.0,4.79,0.0,0.021,0.16,98.0,0.0,0.0,0.054,3.4,0.0,0.6,0.0,2.2,92.36,0.11
"Apricots, dried",0.0,0.0,0.0,0.017,0.0,0.0,0.074,0.074,0.0,0.0,0.0,0.0,0.0,0.0,0.0,0.0,0.0,0.0,0.0,0.0,0.0,55.0,62.64,0.0,2163.0,0.0,13.9,0.343,0.0,241.0,0.074,0.074,0.017,7.3,10.0,10.0,10.0,0.0,2.66,0.0,0.0,32.0,2.589,71.0,1162.0,3.39,0.0,0.074,2.2,10.0,53.44,0.0,0.015,0.51,180.0,0.0,0.0,0.143,1.0,0.0,4.33,0.0,3.1,30.89,0.39
Bananas,0.001,0.002,0.002,0.102,0.01,0.005,0.022,0.046,0.027,0.0,0.0,0.0,0.0,0.0,0.0,0.0,0.0,0.0,0.0,0.0,0.0,5.0,22.84,25.0,26.0,0.0,9.8,0.078,0.0,89.0,0.032,0.073,0.112,2.6,20.0,20.0,20.0,0.0,0.26,22.0,0.0,27.0,0.665,22.0,358.0,1.09,0.0,0.073,1.0,1.0,12.23,0.0,0.031,0.33,3.0,0.0,0.0,0.367,8.7,0.0,0.1,0.0,0.5,74.91,0.15
"Berries, mixed, frozen ",0.0,0.0,0.0,0.007,0.0,0.002,0.028,0.117,0.059,0.0,0.002,0.0,0.0,0.0,0.0,0.0,0.0,0.0,0.0,0.0,0.0,26.0,13.02,0.0,21.0,0.0,8.5,0.117,0.0,55.0,0.03,0.176,0.011,5.3,26.0,26.0,26.0,0.0,0.64,118.0,0.0,21.0,0.84,26.0,145.0,1.52,0.0,0.034,0.2,1.0,7.7,0.0,0.05,0.31,2.0,0.0,0.0,0.065,15.3,0.0,0.87,0.0,7.8,84.61,0.34
"Blackberries, fresh ",0.0,0.0,0.0,0.012,0.0,0.003,0.044,0.186,0.094,0.0,0.004,0.0,0.0,0.0,0.0,0.0,0.0,0.0,0.0,0.0,0.0,29.0,9.61,0.0,128.0,0.0,8.5,0.165,0.0,43.0,0.047,0.28,0.014,5.3,25.0,25.0,25.0,0.0,0.62,118.0,0.0,20.0,0.646,22.0,162.0,1.39,0.0,0.026,0.4,1.0,4.88,0.0,0.02,0.49,11.0,0.0,0.0,0.03,21.0,0.0,1.17,0.0,19.8,88.15,0.53
"Blackberries, frozen ",0.0,0.0,0.0,0.007,0.0,0.002,0.028,0.117,0.059,0.0,0.002,0.0,0.0,0.0,0.0,0.0,0.0,0.0,0.0,0.0,0.0,26.0,13.02,0.0,21.0,0.0,8.5,0.117,0.0,55.0,0.03,0.176,0.011,5.3,26.0,26.0,26.0,0.0,0.64,118.0,0.0,21.0,0.84,26.0,145.0,1.52,0.0,0.034,0.2,1.0,7.7,0.0,0.05,0.31,2.0,0.0,0.0,0.065,15.3,0.0,0.87,0.0,7.8,84.61,0.34
"Blueberries, fresh ",0.0,0.0,0.0,0.017,0.002,0.005,0.047,0.088,0.058,0.0,0.0,0.0,0.0,0.0,0.0,0.0,0.0,0.0,0.0,0.0,0.0,6.0,14.49,0.0,32.0,0.0,6.0,0.057,0.0,57.0,0.047,0.146,0.028,2.4,6.0,6.0,6.0,0.0,0.28,80.0,0.0,6.0,0.418,12.0,77.0,0.74,0.0,0.041,0.1,1.0,9.96,0.0,0.037,0.33,3.0,0.0,0.0,0.052,9.7,0.0,0.57,0.0,19.3,84.21,0.16
"Blueberries, frozen ",0.0,0.0,0.0,0.007,0.0,0.002,0.028,0.117,0.059,0.0,0.002,0.0,0.0,0.0,0.0,0.0,0.0,0.0,0.0,0.0,0.0,26.0,13.02,0.0,21.0,0.0,8.5,0.117,0.0,55.0,0.03,0.176,0.011,5.3,26.0,26.0,26.0,0.0,0.64,118.0,0.0,21.0,0.84,26.0,145.0,1.52,0.0,0.034,0.2,1.0,7.7,0.0,0.05,0.31,2.0,0.0,0.0,0.065,15.3,0.0,0.87,0.0,7.8,84.61,0.34
"Cantaloupe, fresh ",0.0,0.001,0.001,0.043,0.0,0.005,0.003,0.035,0.046,0.0,0.0,0.0,0.0,0.0,0.0,0.0,0.0,0.0,0.0,0.0,0.0,9.0,8.16,16.0,2020.0,0.0,7.6,0.041,1.0,34.0,0.003,0.081,0.051,0.9,21.0,21.0,21.0,0.0,0.21,26.0,0.0,12.0,0.734,15.0,267.0,0.84,0.0,0.019,0.4,16.0,7.86,0.0,0.041,0.19,169.0,0.0,0.0,0.072,36.7,0.0,0.05,0.0,2.5,90.15,0.18
"Cherries, fresh ",1.977,1.159,2.761,5.151,0.385,1.488,3.975,0.326,0.265,0.0,0.0,0.0,0.0,0.0,0.0,0.0,0.775,0.573,0.546,0.0,0.0,493.0,4.09,0.0,3.0,89.0,15.4,0.032,0.0,264.0,4.623,0.591,14.946,0.0,32.0,32.0,32.0,0.0,0.65,0.0,0.0,19.0,0.991,337.0,62.0,14.21,125.0,0.844,15.0,917.0,4.09,0.0,0.154,21.28,125.0,1.69,0.0,0.424,0.0,0.4,0.18,0.0,1.8,55.22,2.88
"Cherries, canned ",0.0,0.0,0.001,0.17,0.004,0.036,0.057,0.111,0.183,0.0,0.001,0.002,0.0,0.0,0.001,0.0,0.0,0.0,0.0,0.0,0.0,40.0,4.89,0.0,83.0,0.0,6.5,0.374,0.0,23.0,0.063,0.304,0.233,3.2,23.0,23.0,23.0,0.0,1.67,0.0,0.0,33.0,0.652,10.0,40.0,2.36,0.0,0.139,1.2,2348.0,0.41,0.0,0.018,0.86,7.0,0.0,0.0,0.023,4.3,0.0,0.88,0.0,24.6,83.85,0.32
"Clementines, fresh ",0.0,0.0,0.003,0.136,0.003,0.015,0.184,0.414,0.112,0.0,0.006,0.0,0.0,0.0,0.0,0.0,0.0,0.0,0.0,0.0,0.0,35.0,63.35,0.0,23.0,0.0,96.4,0.754,0.0,352.0,0.193,0.526,0.154,10.7,479.0,479.0,479.0,0.0,6.51,0.0,0.0,47.0,2.605,281.0,677.0,24.63,0.0,0.211,0.1,6.0,2.03,0.0,0.873,1.06,2.0,0.0,0.0,0.54,4.5,0.0,0.49,0.0,5.0,8.26,3.27
"Cranberries, dried ",0.0,0.0,0.0,0.006,0.001,0.002,0.018,0.033,0.022,0.0,0.0,0.0,0.0,0.0,0.0,0.0,0.0,0.0,0.0,0.0,0.0,8.0,11.97,0.0,38.0,0.0,5.5,0.056,0.0,46.0,0.018,0.055,0.008,3.6,1.0,1.0,1.0,0.0,0.23,91.0,0.0,6.0,0.101,11.0,80.0,0.46,0.0,0.02,0.1,2.0,4.27,0.0,0.012,0.13,3.0,0.0,0.0,0.057,14.0,0.0,1.32,0.0,5.0,87.32,0.09
"Dates, dried",0.001,0.001,0.001,0.017,0.001,0.011,0.035,0.016,0.003,0.0,0.0,0.0,0.0,0.0,0.0,0.0,0.0,0.0,0.001,0.0,0.0,39.0,75.03,0.0,6.0,0.0,6.3,0.206,0.0,282.0,0.036,0.019,0.032,8.0,19.0,19.0,19.0,0.0,1.02,75.0,0.0,43.0,1.274,62.0,656.0,2.45,0.0,0.066,3.0,2.0,63.35,0.0,0.052,0.39,0.0,0.0,0.0,0.165,0.4,0.0,0.05,0.0,2.7,20.53,0.29
"Figs, dried ",0.0,0.0,0.003,0.047,0.0,0.013,0.068,0.149,0.0,0.0,0.0,0.0,0.0,0.0,0.0,0.0,0.0,0.0,0.0,0.0,0.0,70.0,27.57,0.0,3.0,0.0,6.8,0.124,0.0,107.0,0.068,0.149,0.062,4.2,1.0,1.0,1.0,0.0,0.88,14.0,0.0,29.0,0.64,29.0,294.0,1.42,0.0,0.11,0.2,4.0,23.35,0.0,0.011,0.4,0.0,0.0,0.0,0.133,4.4,0.0,0.15,0.0,6.7,69.8,0.24
"Fruit cocktail, in juice",0.0,0.0,0.0,0.001,0.0,0.0,0.002,0.004,0.0,0.0,0.0,0.0,0.0,0.0,0.0,0.0,0.0,0.0,0.0,0.0,0.0,8.0,11.86,0.0,154.0,0.0,4.0,0.062,58.0,46.0,0.002,0.004,0.001,1.0,3.0,3.0,3.0,0.0,0.21,75.0,0.0,7.0,0.403,14.0,95.0,0.46,0.0,0.016,0.5,4.0,10.86,0.0,0.012,0.01,15.0,0.0,0.0,0.051,2.7,0.0,0.4,0.0,2.6,87.44,0.09
"Fruit cocktail, in syrup or water",0.0,0.0,0.0,0.007,0.0,0.003,0.013,0.027,0.004,0.0,0.0,0.0,0.0,0.0,0.0,0.0,0.0,0.0,0.0,0.0,0.0,6.0,18.91,0.0,104.0,0.0,3.7,0.069,39.0,73.0,0.013,0.031,0.01,1.0,3.0,3.0,3.0,0.0,0.29,75.0,0.0,5.0,0.374,11.0,88.0,0.39,0.0,0.019,0.5,6.0,17.91,0.0,0.018,0.07,10.0,0.0,0.0,0.05,1.9,0.0,0.4,0.0,2.6,80.4,0.08
Grapefruit,0.0,0.0,0.0,0.012,0.001,0.001,0.012,0.019,0.005,0.0,0.0,0.0,0.0,0.0,0.0,0.0,0.0,0.0,0.0,0.0,0.0,12.0,8.08,4.0,552.0,0.0,7.7,0.047,6.0,32.0,0.013,0.024,0.014,1.1,10.0,10.0,10.0,0.0,0.09,6.0,1135.0,8.0,0.25,8.0,139.0,0.63,0.0,0.02,0.3,0.0,6.98,0.0,0.036,0.1,46.0,0.0,0.0,0.042,34.4,0.0,0.13,0.0,0.0,90.89,0.07
"Grapefruit, juice",0.0,0.0,0.0,0.008,0.001,0.001,0.009,0.014,0.004,0.0,0.0,0.0,0.0,0.0,0.0,0.0,0.0,0.0,0.0,0.0,0.0,14.0,7.93,2.0,20.0,0.0,7.7,0.031,1.0,34.0,0.01,0.018,0.009,0.8,10.0,10.0,10.0,0.0,0.11,10.0,0.0,8.0,0.231,15.0,129.0,0.58,0.0,0.02,0.1,3.0,7.2,0.0,0.042,0.1,2.0,0.0,0.0,0.02,28.3,0.0,0.04,0.0,0.0,91.2,0.08
Grapes,0.0,0.0,0.003,0.098,0.0,0.013,0.014,0.079,0.024,0.0,0.0,0.0,0.0,0.0,0.0,0.0,0.0,0.0,0.0,0.0,0.0,14.0,17.15,1.0,59.0,0.0,5.6,0.04,0.0,67.0,0.014,0.102,0.114,0.9,4.0,4.0,4.0,0.0,0.29,72.0,0.0,5.0,0.3,10.0,191.0,0.63,0.0,0.057,0.1,2.0,16.25,0.0,0.092,0.35,5.0,0.0,0.0,0.11,4.0,0.0,0.19,0.0,14.6,81.3,0.04
raisins,0.0,0.0,0.004,0.129,0.0,0.018,0.019,0.104,0.031,0.0,0.0,0.0,0.0,0.0,0.0,0.0,0.0,0.0,0.0,0.0,0.0,53.0,79.52,0.0,0.0,0.0,11.1,0.363,0.0,302.0,0.019,0.135,0.151,4.0,3.0,3.0,3.0,0.0,1.79,0.0,0.0,35.0,1.142,115.0,746.0,3.39,0.0,0.191,0.7,12.0,59.19,0.0,0.008,0.46,0.0,0.0,0.0,0.323,3.2,0.0,0.12,0.0,3.5,14.97,0.32
Grape juice ,0.0,0.0,0.001,0.021,0.005,0.001,0.032,0.029,0.011,0.0,0.0,0.0,0.0,0.0,0.0,0.0,0.0,0.0,0.0,0.0,0.0,11.0,10.4,6.0,33.0,0.0,6.2,0.044,169.0,45.0,0.036,0.04,0.024,0.2,30.0,30.0,30.0,0.0,0.2,115.0,0.0,11.0,0.4,17.0,200.0,0.7,0.0,0.03,0.1,1.0,8.4,0.0,0.09,0.2,10.0,0.0,0.0,0.04,50.0,0.0,0.04,0.0,0.1,88.3,0.05
"Grapes, frozen juice concentrate",0.0,0.0,0.001,0.021,0.0,0.003,0.003,0.017,0.005,0.0,0.0,0.0,0.0,0.0,0.0,0.0,0.0,0.0,0.0,0.0,0.0,11.0,14.77,0.0,5.0,0.0,3.2,0.018,0.0,60.0,0.003,0.022,0.025,0.2,0.0,0.0,0.0,0.0,0.25,57.0,0.0,10.0,0.133,14.0,104.0,0.37,0.0,0.015,0.0,5.0,14.2,0.0,0.017,0.13,0.0,0.0,0.0,0.032,25.0,0.0,0.0,0.0,0.4,84.51,0.07
Honeydew,0.0,0.002,0.002,0.032,0.0,0.003,0.003,0.026,0.033,0.0,0.0,0.0,0.0,0.0,0.0,0.0,0.0,0.0,0.0,0.0,0.0,6.0,9.09,0.0,30.0,0.0,7.6,0.024,0.0,36.0,0.003,0.059,0.038,0.8,19.0,19.0,19.0,0.0,0.17,27.0,0.0,10.0,0.418,11.0,228.0,0.54,0.0,0.012,0.7,18.0,8.12,0.0,0.038,0.14,3.0,0.0,0.0,0.088,18.0,0.0,0.02,0.0,2.9,89.82,0.09
Kiwi,0.0,0.0,0.0,0.017,0.0,0.012,0.047,0.246,0.042,0.0,0.0,0.0,0.0,0.0,0.0,0.0,0.0,0.0,0.0,0.0,0.0,34.0,14.66,0.0,52.0,0.0,7.8,0.13,0.0,61.0,0.047,0.287,0.029,3.0,25.0,25.0,25.0,0.0,0.31,122.0,0.0,17.0,0.341,34.0,312.0,1.14,0.0,0.025,0.2,3.0,8.99,0.0,0.027,0.52,4.0,0.0,0.0,0.063,92.7,0.0,1.46,0.0,40.3,83.07,0.14
"Mangoes, fresh ",0.0,0.001,0.013,0.072,0.067,0.004,0.075,0.019,0.051,0.0,0.0,0.0,0.0,0.0,0.0,0.0,0.0,0.0,0.0,0.0,0.0,11.0,14.98,9.0,640.0,0.0,7.6,0.111,10.0,60.0,0.14,0.071,0.092,1.6,43.0,43.0,43.0,0.0,0.16,23.0,3.0,10.0,0.669,14.0,168.0,0.82,0.0,0.038,0.6,1.0,13.66,0.0,0.028,0.38,54.0,0.0,0.0,0.119,36.4,0.0,0.9,0.0,4.2,83.46,0.09
"Mangoes, dried",0.0,0.0,0.0,0.017,0.0,0.0,0.074,0.074,0.0,0.0,0.0,0.0,0.0,0.0,0.0,0.0,0.0,0.0,0.0,0.0,0.0,55.0,62.64,0.0,2163.0,0.0,13.9,0.343,0.0,241.0,0.074,0.074,0.017,7.3,10.0,10.0,10.0,0.0,2.66,0.0,0.0,32.0,2.589,71.0,1162.0,3.39,0.0,0.074,2.2,10.0,53.44,0.0,0.015,0.51,180.0,0.0,0.0,0.143,1.0,0.0,4.33,0.0,3.1,30.89,0.39
Nectarines,0.0,0.0,0.0,0.023,0.002,0.002,0.086,0.111,0.002,0.0,0.0,0.0,0.0,0.0,0.0,0.0,0.0,0.0,0.0,0.0,0.0,6.0,10.55,0.0,150.0,0.0,6.2,0.086,98.0,44.0,0.088,0.113,0.025,1.7,5.0,5.0,5.0,0.0,0.28,130.0,0.0,9.0,1.125,26.0,201.0,1.06,0.0,0.027,0.0,0.0,7.89,0.0,0.034,0.32,17.0,0.0,0.0,0.025,5.4,0.0,0.77,0.0,2.2,87.59,0.17
Oranges,0.0,0.0,0.0,0.013,0.003,0.0,0.02,0.018,0.007,0.0,0.0,0.0,0.0,0.0,0.0,0.0,0.0,0.0,0.0,0.0,0.0,40.0,11.75,11.0,71.0,0.0,8.4,0.045,116.0,47.0,0.023,0.025,0.015,2.4,30.0,30.0,30.0,0.0,0.1,129.0,0.0,10.0,0.282,14.0,181.0,0.94,0.0,0.04,0.5,0.0,9.35,0.0,0.087,0.12,11.0,0.0,0.0,0.06,53.2,0.0,0.18,0.0,0.0,86.75,0.07
Orange juice,0.0,0.0,0.001,0.021,0.005,0.001,0.032,0.029,0.011,0.0,0.0,0.0,0.0,0.0,0.0,0.0,0.0,0.0,0.0,0.0,0.0,11.0,10.4,6.0,33.0,0.0,6.2,0.044,169.0,45.0,0.036,0.04,0.024,0.2,30.0,30.0,30.0,0.0,0.2,115.0,0.0,11.0,0.4,17.0,200.0,0.7,0.0,0.03,0.1,1.0,8.4,0.0,0.09,0.2,10.0,0.0,0.0,0.04,50.0,0.0,0.04,0.0,0.1,88.3,0.05
"Orange, frozen juice concentrate",0.0,0.003,0.002,0.044,0.006,0.008,0.044,0.046,0.017,0.0,0.0,0.0,0.0,0.0,0.0,0.0,0.0,0.0,0.0,0.0,0.0,38.0,35.19,19.0,53.0,0.0,20.0,0.059,191.0,148.0,0.05,0.063,0.059,1.0,77.0,77.0,77.0,0.0,0.33,333.0,1.0,35.0,1.093,61.0,629.0,2.4,0.0,0.175,0.4,7.0,29.68,0.0,0.275,0.25,13.0,0.0,0.0,0.26,144.8,0.0,0.6,0.0,0.4,60.57,0.16
"Papaya, fresh ",0.0,0.0,0.008,0.084,0.008,0.039,0.287,0.115,0.008,0.0,0.0,0.0,0.0,0.0,0.0,0.0,0.0,0.0,0.0,0.0,0.0,138.0,6.33,0.0,5054.0,0.0,12.8,0.149,0.0,36.0,0.295,0.124,0.132,3.3,152.0,152.0,152.0,0.0,6.2,5561.0,0.0,50.0,1.313,58.0,554.0,2.97,0.0,0.098,0.1,56.0,0.85,0.0,0.086,0.79,421.0,0.0,0.0,0.09,133.0,0.0,0.75,0.0,1640.0,87.71,1.07
"Papaya, dried",0.0,0.0,0.0,0.017,0.0,0.0,0.074,0.074,0.0,0.0,0.0,0.0,0.0,0.0,0.0,0.0,0.0,0.0,0.0,0.0,0.0,55.0,62.64,0.0,2163.0,0.0,13.9,0.343,0.0,241.0,0.074,0.074,0.017,7.3,10.0,10.0,10.0,0.0,2.66,0.0,0.0,32.0,2.589,71.0,1162.0,3.39,0.0,0.074,2.2,10.0,53.44,0.0,0.015,0.51,180.0,0.0,0.0,0.143,1.0,0.0,4.33,0.0,3.1,30.89,0.39
"Peaches, fresh ",0.0,0.0,0.008,0.084,0.008,0.039,0.287,0.115,0.008,0.0,0.0,0.0,0.0,0.0,0.0,0.0,0.0,0.0,0.0,0.0,0.0,138.0,6.33,0.0,5054.0,0.0,12.8,0.149,0.0,36.0,0.295,0.124,0.132,3.3,152.0,152.0,152.0,0.0,6.2,5561.0,0.0,50.0,1.313,58.0,554.0,2.97,0.0,0.098,0.1,56.0,0.85,0.0,0.086,0.79,421.0,0.0,0.0,0.09,133.0,0.0,0.75,0.0,1640.0,87.71,1.07
"Peach, canned in juice",0.0,0.0,0.0,0.003,0.0,0.0,0.012,0.016,0.0,0.0,0.0,0.0,0.0,0.0,0.0,0.0,0.0,0.0,0.0,0.0,0.0,6.0,11.57,1.0,189.0,0.0,4.1,0.05,78.0,44.0,0.012,0.016,0.004,1.3,3.0,3.0,3.0,0.0,0.27,61.0,0.0,7.0,0.582,17.0,128.0,0.63,0.0,0.017,0.3,4.0,10.27,0.0,0.008,0.03,19.0,0.0,0.0,0.019,3.6,0.0,0.49,0.0,1.7,87.49,0.11
"Peaches, canned in syrup ",0.0,0.0,0.0,0.013,0.0,0.0,0.047,0.066,0.0,0.0,0.0,0.0,0.0,0.0,0.0,0.0,0.0,0.0,0.0,0.0,0.0,3.0,18.43,0.0,333.0,0.0,3.8,0.063,85.0,72.0,0.047,0.066,0.013,1.2,9.0,9.0,9.0,0.0,0.27,33.0,0.0,5.0,0.625,12.0,94.0,0.52,0.0,0.02,0.0,6.0,14.66,0.0,0.02,0.18,31.0,0.0,0.0,0.013,0.7,0.0,1.19,0.0,2.4,80.62,0.09
"Peaches, frozen ",0.0,0.0,0.0,0.007,0.0,0.002,0.028,0.117,0.059,0.0,0.002,0.0,0.0,0.0,0.0,0.0,0.0,0.0,0.0,0.0,0.0,26.0,13.02,0.0,21.0,0.0,8.5,0.117,0.0,55.0,0.03,0.176,0.011,5.3,26.0,26.0,26.0,0.0,0.64,118.0,0.0,21.0,0.84,26.0,145.0,1.52,0.0,0.034,0.2,1.0,7.7,0.0,0.05,0.31,2.0,0.0,0.0,0.065,15.3,0.0,0.87,0.0,7.8,84.61,0.34
"Pears, fresh ",0.0,0.0,0.008,0.084,0.008,0.039,0.287,0.115,0.008,0.0,0.0,0.0,0.0,0.0,0.0,0.0,0.0,0.0,0.0,0.0,0.0,138.0,6.33,0.0,5054.0,0.0,12.8,0.149,0.0,36.0,0.295,0.124,0.132,3.3,152.0,152.0,152.0,0.0,6.2,5561.0,0.0,50.0,1.313,58.0,554.0,2.97,0.0,0.098,0.1,56.0,0.85,0.0,0.086,0.79,421.0,0.0,0.0,0.09,133.0,0.0,0.75,0.0,1640.0,87.71,1.07
"Pears, canned in juice",0.0,0.0,0.0,0.003,0.0,0.0,0.013,0.015,0.0,0.0,0.0,0.0,0.0,0.0,0.0,0.0,0.0,0.0,0.0,0.0,0.0,9.0,12.94,0.0,3.0,0.0,3.4,0.053,0.0,50.0,0.014,0.015,0.004,1.6,1.0,1.0,1.0,0.0,0.29,34.0,0.0,7.0,0.2,12.0,96.0,0.34,0.0,0.011,0.0,4.0,9.7,0.0,0.011,0.07,0.0,0.0,0.0,0.014,1.6,0.0,0.08,0.0,0.3,86.47,0.09
"Pears, canned in syrup ",0.0,0.0,0.0,0.008,0.001,0.001,0.036,0.041,0.0,0.0,0.0,0.0,0.0,0.0,0.0,0.0,0.0,0.0,0.0,0.0,0.0,6.0,19.08,0.0,4.0,0.0,1.3,0.061,2.0,74.0,0.037,0.041,0.01,2.7,1.0,1.0,1.0,0.0,0.22,50.0,0.0,4.0,0.242,8.0,66.0,0.24,0.0,0.024,0.1,5.0,16.42,0.0,0.011,0.18,0.0,0.0,0.0,0.014,1.1,0.0,0.12,0.0,0.3,80.35,0.08
"Pineapple, fresh ",0.0,0.0,0.008,0.084,0.008,0.039,0.287,0.115,0.008,0.0,0.0,0.0,0.0,0.0,0.0,0.0,0.0,0.0,0.0,0.0,0.0,138.0,6.33,0.0,5054.0,0.0,12.8,0.149,0.0,36.0,0.295,0.124,0.132,3.3,152.0,152.0,152.0,0.0,6.2,5561.0,0.0,50.0,1.313,58.0,554.0,2.97,0.0,0.098,0.1,56.0,0.85,0.0,0.086,0.79,421.0,0.0,0.0,0.09,133.0,0.0,0.75,0.0,1640.0,87.71,1.07
"Pineapple, canned in juice",0.0,0.0,0.0,0.006,0.001,0.003,0.012,0.023,0.017,0.0,0.0,0.0,0.0,0.0,0.0,0.0,0.0,0.0,0.0,0.0,0.0,16.0,15.56,0.0,30.0,0.0,5.5,0.107,0.0,60.0,0.014,0.04,0.008,1.3,5.0,5.0,5.0,0.0,0.28,0.0,0.0,15.0,0.284,7.0,124.0,0.51,0.0,0.021,0.4,1.0,14.26,0.0,0.102,0.11,3.0,0.0,0.0,0.075,9.4,0.0,0.02,0.0,0.7,83.51,0.1
"Pineapple, canned in syrup",0.0,0.0,0.0,0.005,0.001,0.003,0.012,0.023,0.017,0.0,0.0,0.0,0.0,0.0,0.0,0.0,0.0,0.0,0.0,0.0,0.0,14.0,20.2,0.0,8.0,0.0,3.8,0.101,0.0,78.0,0.013,0.04,0.009,0.8,5.0,5.0,5.0,0.0,0.38,0.0,0.0,16.0,0.287,7.0,104.0,0.35,0.0,0.025,0.4,1.0,16.9,0.0,0.09,0.11,1.0,0.0,0.0,0.074,7.4,0.0,0.01,0.0,0.3,78.99,0.12
"Pineapple, dried",0.0,0.0,0.0,0.017,0.0,0.0,0.074,0.074,0.0,0.0,0.0,0.0,0.0,0.0,0.0,0.0,0.0,0.0,0.0,0.0,0.0,55.0,62.64,0.0,2163.0,0.0,13.9,0.343,0.0,241.0,0.074,0.074,0.017,7.3,10.0,10.0,10.0,0.0,2.66,0.0,0.0,32.0,2.589,71.0,1162.0,3.39,0.0,0.074,2.2,10.0,53.44,0.0,0.015,0.51,180.0,0.0,0.0,0.143,1.0,0.0,4.33,0.0,3.1,30.89,0.39
Pineapple juice,0.0,0.0,0.0,0.005,0.002,0.003,0.012,0.024,0.018,0.0,0.0,0.0,0.0,0.0,0.0,0.0,0.0,0.0,0.0,0.0,0.0,13.0,12.87,0.0,3.0,0.0,3.3,0.069,0.0,53.0,0.014,0.042,0.008,0.2,18.0,18.0,18.0,0.0,0.31,0.0,0.0,12.0,0.199,8.0,130.0,0.36,0.0,0.021,0.1,2.0,9.98,0.0,0.058,0.12,0.0,0.0,0.0,0.1,10.0,0.0,0.02,0.0,0.3,86.37,0.11
"Pineapple, frozen juice concentrate",0.0,0.0,0.0,0.005,0.002,0.003,0.012,0.024,0.018,0.0,0.0,0.0,0.0,0.0,0.0,0.0,0.0,0.0,0.0,0.0,0.0,13.0,12.87,0.0,3.0,0.0,3.3,0.069,0.0,53.0,0.014,0.042,0.008,0.2,18.0,18.0,18.0,0.0,0.31,0.0,0.0,12.0,0.199,8.0,130.0,0.36,0.0,0.021,0.1,2.0,9.98,0.0,0.058,0.12,0.0,0.0,0.0,0.1,10.0,0.0,0.02,0.0,0.3,86.37,0.11
"Plum, fresh ",0.0,0.0,0.008,0.084,0.008,0.039,0.287,0.115,0.008,0.0,0.0,0.0,0.0,0.0,0.0,0.0,0.0,0.0,0.0,0.0,0.0,138.0,6.33,0.0,5054.0,0.0,12.8,0.149,0.0,36.0,0.295,0.124,0.132,3.3,152.0,152.0,152.0,0.0,6.2,5561.0,0.0,50.0,1.313,58.0,554.0,2.97,0.0,0.098,0.1,56.0,0.85,0.0,0.086,0.79,421.0,0.0,0.0,0.09,133.0,0.0,0.75,0.0,1640.0,87.71,1.07
"Plum (prunes), dried",0.005,0.001,0.0,0.03,0.039,0.044,0.014,0.044,0.017,0.0,0.0,0.0,0.0,0.0,0.0,0.0,0.0,0.0,0.007,0.0,0.0,43.0,63.88,57.0,394.0,0.0,10.1,0.281,93.0,240.0,0.053,0.062,0.088,7.1,4.0,4.0,4.0,0.0,0.93,148.0,0.0,41.0,1.882,69.0,732.0,2.18,0.0,0.186,0.3,2.0,38.13,0.0,0.051,0.38,39.0,0.0,0.0,0.205,0.6,0.0,0.43,0.0,59.5,30.92,0.44
Plum (prune) juice ,0.005,0.001,0.0,0.03,0.039,0.044,0.014,0.044,0.017,0.0,0.0,0.0,0.0,0.0,0.0,0.0,0.0,0.0,0.007,0.0,0.0,43.0,63.88,57.0,394.0,0.0,10.1,0.281,93.0,240.0,0.053,0.062,0.088,7.1,4.0,4.0,4.0,0.0,0.93,148.0,0.0,41.0,1.882,69.0,732.0,2.18,0.0,0.186,0.3,2.0,38.13,0.0,0.051,0.38,39.0,0.0,0.0,0.205,0.6,0.0,0.43,0.0,59.5,30.92,0.44
"Pomegranate, fresh ",0.0,0.006,0.006,0.07,0.012,0.038,0.077,0.079,0.0,0.0,0.004,0.0,0.0,0.0,0.0,0.0,0.0,0.0,0.0,0.0,0.0,10.0,18.7,0.0,0.0,0.0,7.6,0.158,0.0,83.0,0.093,0.079,0.12,4.0,38.0,38.0,38.0,0.0,0.3,0.0,0.0,12.0,0.293,36.0,236.0,1.67,0.0,0.053,0.5,3.0,13.67,0.0,0.067,1.17,0.0,0.0,0.0,0.075,10.2,0.0,0.6,0.0,16.4,77.93,0.35
Pomegranate juice,0.0,0.004,0.004,0.044,0.008,0.024,0.049,0.05,0.0,0.0,0.003,0.0,0.0,0.0,0.0,0.0,0.0,0.0,0.0,0.0,0.0,11.0,13.13,0.0,0.0,0.0,4.8,0.021,0.0,54.0,0.059,0.05,0.077,0.1,24.0,24.0,24.0,0.0,0.1,0.0,0.0,7.0,0.233,11.0,214.0,0.15,0.0,0.015,0.3,9.0,12.65,0.0,0.015,0.29,0.0,0.0,0.0,0.04,0.1,0.0,0.38,0.0,10.4,85.95,0.09
"Raspberries, fresh ",0.0,0.0,0.0,0.016,0.0,0.004,0.059,0.249,0.126,0.0,0.005,0.0,0.0,0.0,0.0,0.0,0.0,0.0,0.0,0.0,0.0,25.0,11.94,16.0,12.0,0.0,12.3,0.09,0.0,52.0,0.064,0.375,0.019,6.5,21.0,21.0,21.0,0.0,0.69,136.0,0.0,22.0,0.598,29.0,151.0,1.2,0.0,0.038,0.2,1.0,4.42,0.0,0.032,0.65,2.0,0.0,0.0,0.055,26.2,0.0,0.87,0.0,7.8,85.75,0.42
"Raspberries, frozen ",0.0,0.0,0.0,0.007,0.0,0.002,0.028,0.117,0.059,0.0,0.002,0.0,0.0,0.0,0.0,0.0,0.0,0.0,0.0,0.0,0.0,26.0,13.02,0.0,21.0,0.0,8.5,0.117,0.0,55.0,0.03,0.176,0.011,5.3,26.0,26.0,26.0,0.0,0.64,118.0,0.0,21.0,0.84,26.0,145.0,1.52,0.0,0.034,0.2,1.0,7.7,0.0,0.05,0.31,2.0,0.0,0.0,0.065,15.3,0.0,0.87,0.0,7.8,84.61,0.34
"Strawberries, fresh ",0.0,0.0,0.0,0.012,0.001,0.003,0.042,0.09,0.065,0.0,0.0,0.0,0.0,0.0,0.0,0.0,0.0,0.0,0.0,0.0,0.0,16.0,7.68,0.0,7.0,0.0,5.7,0.048,0.0,32.0,0.043,0.155,0.015,2.0,24.0,24.0,24.0,0.0,0.41,26.0,0.0,13.0,0.386,24.0,153.0,0.67,0.0,0.022,0.4,1.0,4.89,0.0,0.024,0.3,1.0,0.0,0.0,0.047,58.8,0.0,0.29,0.0,2.2,90.95,0.14
"Strawberries, frozen ",0.0,0.0,0.0,0.012,0.001,0.003,0.042,0.09,0.065,0.0,0.0,0.0,0.0,0.0,0.0,0.0,0.0,0.0,0.0,0.0,0.0,16.0,7.68,0.0,7.0,0.0,5.7,0.048,0.0,32.0,0.043,0.155,0.015,2.0,24.0,24.0,24.0,0.0,0.41,26.0,0.0,13.0,0.386,24.0,153.0,0.67,0.0,0.022,0.4,1.0,4.89,0.0,0.024,0.3,1.0,0.0,0.0,0.047,58.8,0.0,0.29,0.0,2.2,90.95,0.14
Watermelon,0.001,0.001,0.0,0.008,0.0,0.006,0.037,0.05,0.0,0.0,0.0,0.0,0.0,0.0,0.0,0.0,0.0,0.0,0.0,0.0,0.0,7.0,7.55,0.0,303.0,0.0,4.1,0.042,78.0,30.0,0.037,0.05,0.016,0.4,3.0,3.0,3.0,0.0,0.24,8.0,4532.0,10.0,0.178,11.0,112.0,0.61,0.0,0.021,0.4,1.0,6.2,0.0,0.033,0.15,28.0,0.0,0.0,0.045,8.1,0.0,0.05,0.0,0.1,91.45,0.1
